candidate_id,timestamp_sec,hard_blocked,hard_block_reason,visual_score,dialogue_gap_score,semantic_transition_score,narrative_closure_score,shot_stability_score,confidence_score,where_score,rank,final_decision,why_survived,why_lost,selected_brand_id,inspection_clip
candidate_001,1.16,True,"[""asr_active_dialogue"", ""unsafe_dialogue""]",1.0,0,,,0.29,,0,,NO_AD,[],"[""asr_active_dialogue"", ""unsafe_dialogue""]",,reports/phase3-episode/inspection/calibration_bhojon_bilashi/candidate_001.mp4
candidate_002,4.88,True,"[""asr_active_dialogue"", ""unsafe_dialogue""]",0.6965548040444958,0,,,0.9299999999999999,,0,,NO_AD,[],"[""asr_active_dialogue"", ""unsafe_dialogue""]",,
candidate_003,15.0,True,"[""asr_active_dialogue"", ""unsafe_dialogue""]",1.0,0,,,1,,0,,NO_AD,[],"[""asr_active_dialogue"", ""unsafe_dialogue""]",,
candidate_004,28.4,False,[],0.7964975699802813,0.4500000000000007,0.1,0.15,1,0.925,0.48537439249507053,75,NO_AD,"[""no_exact_speech_crossing"", ""quality_signals_combined""]","[""weak_transition""]",,
candidate_005,37.32,True,"[""asr_active_dialogue"", ""vad_active_speech"", ""unsafe_dialogue""]",0.8297556182484568,0,,,1,,0,,NO_AD,[],"[""asr_active_dialogue"", ""vad_active_speech"", ""unsafe_dialogue""]",,
candidate_006,41.88,True,"[""asr_active_dialogue"", ""vad_active_speech"", ""unsafe_dialogue""]",0.8791701496056241,0,,,1,,0,,NO_AD,[],"[""asr_active_dialogue"", ""vad_active_speech"", ""unsafe_dialogue""]",,
candidate_007,47.96,True,"[""asr_active_dialogue"", ""vad_active_speech"", ""unsafe_dialogue""]",1.0,0,,,0.4499999999999993,,0,,NO_AD,[],"[""asr_active_dialogue"", ""vad_active_speech"", ""unsafe_dialogue""]",,
candidate_008,49.76,True,"[""vad_active_speech"", ""unsafe_dialogue""]",0.6384719409079218,0,,,0.4299999999999997,,0,,NO_AD,[],"[""vad_active_speech"", ""unsafe_dialogue""]",,
candidate_009,51.48,True,"[""asr_active_dialogue"", ""vad_active_speech"", ""unsafe_dialogue""]",0.8655552072616598,0,,,0.4299999999999997,,0,,NO_AD,[],"[""asr_active_dialogue"", ""vad_active_speech"", ""unsafe_dialogue""]",,
candidate_010,53.76,True,"[""asr_active_dialogue"", ""vad_active_speech"", ""unsafe_dialogue""]",0.7833020873521092,0,,,0.5700000000000003,,0,,NO_AD,[],"[""asr_active_dialogue"", ""vad_active_speech"", ""unsafe_dialogue""]",,
candidate_011,56.92,True,"[""asr_active_dialogue"", ""vad_active_speech"", ""unsafe_dialogue""]",0.8796401789158951,0,,,0.34999999999999964,,0,,NO_AD,[],"[""asr_active_dialogue"", ""vad_active_speech"", ""unsafe_dialogue""]",,
candidate_012,58.32,True,"[""asr_active_dialogue"", ""vad_active_speech"", ""unsafe_dialogue""]",0.7320092806927299,0,,,0.34999999999999964,,0,,NO_AD,[],"[""asr_active_dialogue"", ""vad_active_speech"", ""unsafe_dialogue""]",,
candidate_013,64.2,True,"[""asr_active_dialogue"", ""vad_active_speech"", ""unsafe_dialogue""]",0.7877188893175584,0,,,0.7799999999999976,,0,,NO_AD,[],"[""asr_active_dialogue"", ""vad_active_speech"", ""unsafe_dialogue""]",,
candidate_014,67.32,True,"[""vad_active_speech"", ""unsafe_dialogue""]",0.6647254305448388,0,,,0.6000000000000014,,0,,NO_AD,[],"[""vad_active_speech"", ""unsafe_dialogue""]",,
candidate_015,69.72,True,"[""vad_active_speech"", ""unsafe_dialogue""]",0.6663689423653977,0,,,0.5300000000000011,,0,,NO_AD,[],"[""vad_active_speech"", ""unsafe_dialogue""]",,
candidate_016,71.84,True,"[""asr_active_dialogue"", ""vad_active_speech"", ""unsafe_dialogue""]",0.6843383956511488,0,,,0.4399999999999977,,0,,NO_AD,[],"[""asr_active_dialogue"", ""vad_active_speech"", ""unsafe_dialogue""]",,
candidate_017,73.6,True,"[""asr_active_dialogue"", ""vad_active_speech"", ""unsafe_dialogue""]",0.6744178803369343,0,,,0.4399999999999977,,0,,NO_AD,[],"[""asr_active_dialogue"", ""vad_active_speech"", ""unsafe_dialogue""]",,
candidate_018,75.6,True,"[""vad_active_speech"", ""unsafe_dialogue""]",0.6752916291580933,0,,,0.5,,0,,NO_AD,[],"[""vad_active_speech"", ""unsafe_dialogue""]",,
candidate_019,78.36,True,"[""asr_active_dialogue"", ""unsafe_dialogue""]",0.6696658454968278,0,,,0.4800000000000004,,0,,NO_AD,[],"[""asr_active_dialogue"", ""unsafe_dialogue""]",,
candidate_020,80.28,True,"[""asr_active_dialogue"", ""vad_active_speech"", ""unsafe_dialogue""]",0.6305658369234396,0,,,0.4800000000000004,,0,,NO_AD,[],"[""asr_active_dialogue"", ""vad_active_speech"", ""unsafe_dialogue""]",,
candidate_021,84.04,True,"[""vad_active_speech"", ""unsafe_dialogue""]",0.7290199813528806,0,,,0.6799999999999997,,0,,NO_AD,[],"[""vad_active_speech"", ""unsafe_dialogue""]",,
candidate_022,86.76,True,"[""asr_active_dialogue"", ""vad_active_speech"", ""unsafe_dialogue""]",0.727846666291581,0,,,0.6799999999999997,,0,,NO_AD,[],"[""asr_active_dialogue"", ""vad_active_speech"", ""unsafe_dialogue""]",,
candidate_023,89.72,False,[],0.726279511209705,0.719999999999996,0.1,0.15,0.46999999999999886,0.925,0.46881987780242534,78,NO_AD,"[""no_exact_speech_crossing"", ""quality_signals_combined""]","[""weak_transition""]",,
candidate_024,91.6,True,"[""vad_active_speech"", ""unsafe_dialogue""]",0.7289012600201475,0,,,0.46999999999999886,,0,,NO_AD,[],"[""vad_active_speech"", ""unsafe_dialogue""]",,
candidate_025,100.72,True,"[""vad_active_speech"", ""unsafe_dialogue""]",0.8377323857060185,0,,,1,,0,,NO_AD,[],"[""vad_active_speech"", ""unsafe_dialogue""]",,
candidate_026,110.68,True,"[""vad_active_speech"", ""unsafe_dialogue""]",0.9147393288108709,0,,,1,,0,,NO_AD,[],"[""vad_active_speech"", ""unsafe_dialogue""]",,
candidate_027,117.36,True,"[""vad_active_speech"", ""unsafe_dialogue""]",1.0,0,,,0.3500000000000014,,0,,NO_AD,[],"[""vad_active_speech"", ""unsafe_dialogue""]",,
candidate_028,118.76,True,"[""vad_active_speech"", ""unsafe_dialogue""]",1.0,0,,,0.3500000000000014,,0,,NO_AD,[],"[""vad_active_speech"", ""unsafe_dialogue""]",,
candidate_029,122.16,True,"[""vad_active_speech"", ""unsafe_dialogue""]",0.9333032260052299,0,,,0.6700000000000017,,0,,NO_AD,[],"[""vad_active_speech"", ""unsafe_dialogue""]",,
candidate_030,124.84,False,[],1.0,1.0,0.1,0.15,0.5899999999999999,0.925,0.60525,43,NO_AD,"[""no_exact_speech_crossing"", ""quality_signals_combined""]","[""minimum_break_gap""]",,
candidate_031,127.2,True,"[""asr_active_dialogue"", ""vad_active_speech"", ""unsafe_dialogue""]",1.0,0,,,0.26000000000000156,,0,,NO_AD,[],"[""asr_active_dialogue"", ""vad_active_speech"", ""unsafe_dialogue""]",,
candidate_032,128.24,True,"[""asr_active_dialogue"", ""vad_active_speech"", ""unsafe_dialogue""]",1.0,0,,,0.26000000000000156,,0,,NO_AD,[],"[""asr_active_dialogue"", ""vad_active_speech"", ""unsafe_dialogue""]",,
candidate_033,129.72,True,"[""asr_active_dialogue"", ""unsafe_dialogue""]",1.0,0,,,0.36999999999999744,,0,,NO_AD,[],"[""asr_active_dialogue"", ""unsafe_dialogue""]",,
candidate_034,131.2,True,"[""asr_active_dialogue"", ""vad_active_speech"", ""unsafe_dialogue""]",0.9313360352902093,0,,,0.36999999999999744,,0,,NO_AD,[],"[""asr_active_dialogue"", ""vad_active_speech"", ""unsafe_dialogue""]",,
candidate_035,134.0,True,"[""asr_active_dialogue"", ""unsafe_dialogue""]",0.9312847958997771,0,,,0.7000000000000028,,0,,NO_AD,[],"[""asr_active_dialogue"", ""unsafe_dialogue""]",,
candidate_036,139.4,False,[],0.9283489127872087,1.0,0.1,0.15,1,0.925,0.6283372281968022,37,AD,"[""no_exact_speech_crossing"", ""quality_signals_combined""]",[],brand_e,reports/phase3-episode/inspection/calibration_bhojon_bilashi/candidate_036.mp4
candidate_037,144.32,False,[],1.0,0.5100000000000137,0.2,0.15,1,0.925,0.5682500000000028,51,NO_AD,"[""no_exact_speech_crossing"", ""quality_signals_combined""]","[""minimum_break_gap""]",,
candidate_038,150.84,False,[],0.9524188676161695,0.4499999999999829,0.1,0.15,1,0.925,0.524354716904039,68,NO_AD,"[""no_exact_speech_crossing"", ""quality_signals_combined""]","[""weak_transition""]",,
candidate_039,156.2,True,"[""vad_active_speech"", ""unsafe_dialogue""]",0.9847470716520919,0,,,1,,0,,NO_AD,[],"[""vad_active_speech"", ""unsafe_dialogue""]",,
candidate_040,165.52,False,[],0.994797192483282,0.789999999999992,0.2,0.15,1,0.925,0.622949298120819,38,NO_AD,"[""no_exact_speech_crossing"", ""quality_signals_combined""]","[""minimum_break_gap""]",,
candidate_041,173.72,False,[],0.93143683958119,1.0,1,0.5,0.6099999999999994,0.98,0.8428592098952974,5,NO_AD,"[""no_exact_speech_crossing"", ""quality_signals_combined""]","[""minimum_break_gap""]",,
candidate_042,176.16,False,[],0.6614476165980796,1.0,1,1.0,0.6099999999999994,0.98,0.8753619041495199,4,AD,"[""no_exact_speech_crossing"", ""quality_signals_combined""]",[],brand_d,reports/phase3-episode/inspection/calibration_bhojon_bilashi/candidate_042.mp4
candidate_043,181.0,False,[],0.6220957647462277,1.0,0.4,0.65,0.8100000000000023,0.925,0.6927739411865571,21,NO_AD,"[""no_exact_speech_crossing"", ""quality_signals_combined""]","[""minimum_break_gap""]",,
candidate_044,184.24,False,[],0.9760593157900378,1.0,0.3,0.65,0.7999999999999972,0.925,0.7602648289475092,13,NO_AD,"[""no_exact_speech_crossing"", ""quality_signals_combined""]","[""minimum_break_gap""]",,
candidate_045,187.44,False,[],0.6418031710819615,1.0,0.4,0.65,0.6600000000000037,0.8999999999999999,0.6814507927704909,24,NO_AD,"[""no_exact_speech_crossing"", ""quality_signals_combined""]","[""minimum_break_gap""]",,
candidate_046,190.08,False,[],0.7618364666388032,1.0,0.4,0.65,0.6600000000000037,0.8999999999999999,0.7114591166597013,19,NO_AD,"[""no_exact_speech_crossing"", ""quality_signals_combined""]","[""minimum_break_gap""]",,
candidate_047,193.36,False,[],0.6787457668895748,1.0,0.1,0.65,0.8200000000000003,0.925,0.6479364417223938,32,NO_AD,"[""no_exact_speech_crossing"", ""quality_signals_combined""]","[""minimum_break_gap""]",,
candidate_048,197.84,False,[],0.7423949692965535,1.0,0.1,0.65,0.769999999999996,0.925,0.658848742324138,30,NO_AD,"[""no_exact_speech_crossing"", ""quality_signals_combined""]","[""minimum_break_gap""]",,
candidate_049,200.92,False,[],0.7504634987997256,1.0,0.8500000000000001,0.65,0.769999999999996,0.925,0.8108658746999311,9,NO_AD,"[""no_exact_speech_crossing"", ""quality_signals_combined""]","[""minimum_break_gap""]",,
candidate_050,204.32,False,[],0.6931820465213477,1.0,1,1.0,0.6300000000000026,0.965,0.8845455116303371,3,NO_AD,"[""no_exact_speech_crossing"", ""quality_signals_combined""]","[""minimum_break_gap""]",,reports/phase3-episode/inspection/calibration_bhojon_bilashi/candidate_050.mp4
candidate_051,206.84,False,[],1.0,1.0,1,1.0,0.6300000000000026,0.965,0.9612500000000004,1,NO_AD,"[""no_exact_speech_crossing"", ""quality_signals_combined""]","[""minimum_break_gap""]",,reports/phase3-episode/inspection/calibration_bhojon_bilashi/candidate_051.mp4
candidate_052,211.88,False,[],1.0,1.0,1,0.15,0.8599999999999994,0.965,0.81425,8,NO_AD,"[""no_exact_speech_crossing"", ""quality_signals_combined""]","[""minimum_break_gap""]",,
candidate_053,215.32,False,[],1.0,1.0,1,0.65,0.8599999999999994,0.925,0.91225,2,AD,"[""no_exact_speech_crossing"", ""quality_signals_combined""]",[],brand_e,reports/phase3-episode/inspection/calibration_bhojon_bilashi/candidate_053.mp4
candidate_054,220.96,True,"[""asr_active_dialogue"", ""unsafe_dialogue""]",0.8825722107017318,0,,,1,,0,,NO_AD,[],"[""asr_active_dialogue"", ""unsafe_dialogue""]",,
candidate_055,228.2,True,"[""asr_active_dialogue"", ""vad_active_speech"", ""unsafe_dialogue""]",0.710692857028035,0,,,1,,0,,NO_AD,[],"[""asr_active_dialogue"", ""vad_active_speech"", ""unsafe_dialogue""]",,
candidate_056,233.6,True,"[""vad_active_speech"", ""unsafe_dialogue""]",0.7791265793788581,0,,,1,,0,,NO_AD,[],"[""vad_active_speech"", ""unsafe_dialogue""]",,
candidate_057,237.72,True,"[""asr_active_dialogue"", ""vad_active_speech"", ""unsafe_dialogue""]",0.8417099689750513,0,,,0.8900000000000006,,0,,NO_AD,[],"[""asr_active_dialogue"", ""vad_active_speech"", ""unsafe_dialogue""]",,
candidate_058,241.28,True,"[""asr_active_dialogue"", ""vad_active_speech"", ""unsafe_dialogue""]",0.750048727655607,0,,,0.6700000000000017,,0,,NO_AD,[],"[""asr_active_dialogue"", ""vad_active_speech"", ""unsafe_dialogue""]",,
candidate_059,243.96,True,"[""asr_active_dialogue"", ""vad_active_speech"", ""unsafe_dialogue""]",0.7388606234996572,0,,,0.6700000000000017,,0,,NO_AD,[],"[""asr_active_dialogue"", ""vad_active_speech"", ""unsafe_dialogue""]",,
candidate_060,247.52,True,"[""vad_active_speech"", ""unsafe_dialogue""]",0.7742606792266804,0,,,0.8900000000000006,,0,,NO_AD,[],"[""vad_active_speech"", ""unsafe_dialogue""]",,
candidate_061,252.52,True,"[""asr_active_dialogue"", ""unsafe_dialogue""]",0.7654518577460563,0,,,0.779999999999994,,0,,NO_AD,[],"[""asr_active_dialogue"", ""unsafe_dialogue""]",,
candidate_062,255.64,True,"[""asr_active_dialogue"", ""vad_active_speech"", ""unsafe_dialogue""]",0.7570316853673696,0,,,0.779999999999994,,0,,NO_AD,[],"[""asr_active_dialogue"", ""vad_active_speech"", ""unsafe_dialogue""]",,
candidate_063,260.2,True,"[""asr_active_dialogue"", ""unsafe_dialogue""]",0.7646407348465364,0,,,0.5700000000000074,,0,,NO_AD,[],"[""asr_active_dialogue"", ""unsafe_dialogue""]",,
candidate_064,262.48,True,"[""asr_active_dialogue"", ""unsafe_dialogue""]",0.7864747433341907,0,,,0.5700000000000074,,0,,NO_AD,[],"[""asr_active_dialogue"", ""unsafe_dialogue""]",,
candidate_065,265.16,True,"[""asr_active_dialogue"", ""unsafe_dialogue""]",0.9894343037337107,0,,,0.6700000000000017,,0,,NO_AD,[],"[""asr_active_dialogue"", ""unsafe_dialogue""]",,
candidate_066,269.88,True,"[""asr_active_dialogue"", ""vad_active_speech"", ""unsafe_dialogue""]",0.8862621166087963,0,,,0.5,,0,,NO_AD,[],"[""asr_active_dialogue"", ""vad_active_speech"", ""unsafe_dialogue""]",,
candidate_067,271.88,True,"[""asr_active_dialogue"", ""vad_active_speech"", ""unsafe_dialogue""]",0.9183964147162208,0,,,0.3499999999999943,,0,,NO_AD,[],"[""asr_active_dialogue"", ""vad_active_speech"", ""unsafe_dialogue""]",,
candidate_068,273.28,True,"[""asr_active_dialogue"", ""unsafe_dialogue""]",0.9585635756923011,0,,,0.3499999999999943,,0,,NO_AD,[],"[""asr_active_dialogue"", ""unsafe_dialogue""]",,
candidate_069,276.48,True,"[""asr_active_dialogue"", ""vad_active_speech"", ""unsafe_dialogue""]",0.7833789464377572,0,,,0.3499999999999943,,0,,NO_AD,[],"[""asr_active_dialogue"", ""vad_active_speech"", ""unsafe_dialogue""]",,
candidate_070,277.88,True,"[""asr_active_dialogue"", ""unsafe_dialogue""]",0.7199650098593965,0,,,0.3499999999999943,,0,,NO_AD,[],"[""asr_active_dialogue"", ""unsafe_dialogue""]",,
candidate_071,281.08,True,"[""asr_active_dialogue"", ""vad_active_speech"", ""unsafe_dialogue""]",0.734318402241941,0,,,0.7999999999999972,,0,,NO_AD,[],"[""asr_active_dialogue"", ""vad_active_speech"", ""unsafe_dialogue""]",,
candidate_072,285.44,True,"[""asr_active_dialogue"", ""vad_active_speech"", ""unsafe_dialogue""]",0.7085237228330762,0,,,0.35999999999999943,,0,,NO_AD,[],"[""asr_active_dialogue"", ""vad_active_speech"", ""unsafe_dialogue""]",,
candidate_073,286.88,True,"[""asr_active_dialogue"", ""vad_active_speech"", ""unsafe_dialogue""]",0.7609156646519204,0,,,0.35999999999999943,,0,,NO_AD,[],"[""asr_active_dialogue"", ""vad_active_speech"", ""unsafe_dialogue""]",,
candidate_074,290.04,True,"[""vad_active_speech"", ""unsafe_dialogue""]",0.7561264561364026,0,,,0.35999999999999943,,0,,NO_AD,[],"[""vad_active_speech"", ""unsafe_dialogue""]",,
candidate_075,291.48,True,"[""vad_active_speech"", ""unsafe_dialogue""]",0.7207140091842421,0,,,0.35999999999999943,,0,,NO_AD,[],"[""vad_active_speech"", ""unsafe_dialogue""]",,
candidate_076,293.48,True,"[""asr_active_dialogue"", ""vad_active_speech"", ""unsafe_dialogue""]",0.8102041069208675,0,,,0.5,,0,,NO_AD,[],"[""asr_active_dialogue"", ""vad_active_speech"", ""unsafe_dialogue""]",,
candidate_077,296.24,True,"[""vad_active_speech"", ""unsafe_dialogue""]",0.7831401641803841,0,,,0.6899999999999977,,0,,NO_AD,[],"[""vad_active_speech"", ""unsafe_dialogue""]",,
candidate_078,303.04,True,"[""asr_active_dialogue"", ""vad_active_speech"", ""unsafe_dialogue""]",0.7676045819401578,0,,,0.5300000000000011,,0,,NO_AD,[],"[""asr_active_dialogue"", ""vad_active_speech"", ""unsafe_dialogue""]",,
candidate_079,305.16,True,"[""brand_safety_unresolved""]",0.8602896063743141,1.0,1,0.15,0.3999999999999915,0.925,0.7313224015935776,16,NO_AD,"[""no_exact_speech_crossing"", ""quality_signals_combined""]","[""no_safe_brand""]",,
candidate_080,306.76,True,"[""brand_safety_unresolved""]",1.0,1.0,1,0.15,0.3500000000000085,0.925,0.7612500000000009,12,NO_AD,"[""no_exact_speech_crossing"", ""quality_signals_combined""]","[""no_safe_brand""]",,
candidate_081,308.16,True,"[""asr_active_dialogue"", ""vad_active_speech"", ""unsafe_dialogue""]",1.0,0,,,0.3500000000000085,,0,,NO_AD,[],"[""asr_active_dialogue"", ""vad_active_speech"", ""unsafe_dialogue""]",,
candidate_082,311.52,True,"[""brand_safety_unresolved""]",0.9631727765453533,1.0,0.1,0.15,0.8399999999999892,0.925,0.6210431941363374,39,NO_AD,"[""no_exact_speech_crossing"", ""quality_signals_combined""]","[""no_safe_brand""]",,
candidate_083,317.96,True,"[""vad_active_speech"", ""unsafe_dialogue""]",0.9023643462255657,0,,,0.5600000000000023,,0,,NO_AD,[],"[""vad_active_speech"", ""unsafe_dialogue""]",,
candidate_084,320.2,True,"[""vad_active_speech"", ""unsafe_dialogue""]",1.0,0,,,0.5600000000000023,,0,,NO_AD,[],"[""vad_active_speech"", ""unsafe_dialogue""]",,
candidate_085,322.8,True,"[""asr_active_dialogue"", ""vad_active_speech"", ""unsafe_dialogue""]",1.0,0,,,0.6500000000000057,,0,,NO_AD,[],"[""asr_active_dialogue"", ""vad_active_speech"", ""unsafe_dialogue""]",,
candidate_086,327.36,True,"[""all_brands_hard_blocked""]",1.0,0.65,0.1,0.15,0.8199999999999932,0.925,0.5582499999999994,55,NO_AD,"[""no_exact_speech_crossing"", ""quality_signals_combined""]","[""no_safe_brand""]",,
candidate_087,330.64,True,"[""asr_active_dialogue"", ""unsafe_dialogue""]",1.0,0,,,0.8199999999999932,,0,,NO_AD,[],"[""asr_active_dialogue"", ""unsafe_dialogue""]",,
candidate_088,334.96,True,"[""asr_active_dialogue"", ""unsafe_dialogue""]",1.0,0,,,1,,0,,NO_AD,[],"[""asr_active_dialogue"", ""unsafe_dialogue""]",,
candidate_089,341.68,True,"[""all_brands_hard_blocked""]",1.0,0.65,0.1,0.15,1,0.95,0.5775,48,NO_AD,"[""no_exact_speech_crossing"", ""quality_signals_combined""]","[""no_safe_brand""]",,
candidate_090,347.76,True,"[""asr_active_dialogue"", ""vad_active_speech"", ""unsafe_dialogue""]",1.0,0,,,0.6400000000000006,,0,,NO_AD,[],"[""asr_active_dialogue"", ""vad_active_speech"", ""unsafe_dialogue""]",,
candidate_091,350.32,False,[],1.0,0.34999999999998005,0.1,0.15,0.6400000000000006,0.925,0.48024999999999607,76,NO_AD,"[""no_exact_speech_crossing"", ""quality_signals_combined""]","[""weak_transition""]",,
candidate_092,353.52,True,"[""all_brands_hard_blocked""]",1.0,0.65,0.1,0.15,0.7999999999999972,0.925,0.5562499999999998,56,NO_AD,"[""no_exact_speech_crossing"", ""quality_signals_combined""]","[""no_safe_brand""]",,
candidate_093,357.2,True,"[""asr_active_dialogue"", ""vad_active_speech"", ""unsafe_dialogue""]",1.0,0,,,0.9200000000000017,,0,,NO_AD,[],"[""asr_active_dialogue"", ""vad_active_speech"", ""unsafe_dialogue""]",,
candidate_094,361.2,True,"[""vad_active_speech"", ""unsafe_dialogue""]",1.0,0,,,0.9399999999999977,,0,,NO_AD,[],"[""vad_active_speech"", ""unsafe_dialogue""]",,
candidate_095,364.96,False,[],1.0,0.35000000000004544,0.1,0.15,0.9399999999999977,0.925,0.5102500000000089,70,NO_AD,"[""no_exact_speech_crossing"", ""quality_signals_combined""]","[""weak_transition""]",,
candidate_096,371.84,True,"[""all_brands_hard_blocked""]",0.8025014534572188,1.0,0.4,0.15,0.5600000000000023,0.925,0.612875363364305,42,NO_AD,"[""no_exact_speech_crossing"", ""quality_signals_combined""]","[""no_safe_brand""]",,
candidate_097,374.08,True,"[""all_brands_hard_blocked""]",0.5994318790723595,1.0,1,0.15,0.5600000000000023,0.95,0.6833579697680902,22,NO_AD,"[""no_exact_speech_crossing"", ""quality_signals_combined""]","[""no_safe_brand""]",,
candidate_098,378.84,True,"[""all_brands_hard_blocked""]",0.6996688528806584,1.0,1,0.15,0.6400000000000006,0.925,0.7151672132201646,18,NO_AD,"[""no_exact_speech_crossing"", ""quality_signals_combined""]","[""no_safe_brand""]",,
candidate_099,381.4,False,[],0.9685720017253945,0.34999999999998005,0.4,0.15,0.6400000000000006,0.8500000000000001,0.5286430004313447,67,NO_AD,"[""no_exact_speech_crossing"", ""quality_signals_combined""]","[""weak_transition""]",,
candidate_100,384.52,True,"[""asr_active_dialogue"", ""vad_active_speech"", ""unsafe_dialogue""]",0.9280063121570646,0,,,0.7800000000000011,,0,,NO_AD,[],"[""asr_active_dialogue"", ""vad_active_speech"", ""unsafe_dialogue""]",,
candidate_101,388.48,True,"[""all_brands_hard_blocked""]",0.8608148938507374,0.7479999999999905,0.2,0.15,0.8100000000000023,0.925,0.5620537234626827,53,NO_AD,"[""no_exact_speech_crossing"", ""quality_signals_combined""]","[""no_safe_brand""]",,
candidate_102,391.72,True,"[""asr_active_dialogue"", ""vad_active_speech"", ""unsafe_dialogue""]",0.9405408736282579,0,,,0.4899999999999949,,0,,NO_AD,[],"[""asr_active_dialogue"", ""vad_active_speech"", ""unsafe_dialogue""]",,
candidate_103,393.68,True,"[""asr_active_dialogue"", ""vad_active_speech"", ""unsafe_dialogue""]",0.839547365290638,0,,,0.4899999999999949,,0,,NO_AD,[],"[""asr_active_dialogue"", ""vad_active_speech"", ""unsafe_dialogue""]",,
candidate_104,399.44,True,"[""asr_active_dialogue"", ""vad_active_speech"", ""unsafe_dialogue""]",0.837533791205847,0,,,1,,0,,NO_AD,[],"[""asr_active_dialogue"", ""vad_active_speech"", ""unsafe_dialogue""]",,
candidate_105,405.08,True,"[""vad_active_speech"", ""unsafe_dialogue""]",0.8260446137688613,0,,,0.5799999999999983,,0,,NO_AD,[],"[""vad_active_speech"", ""unsafe_dialogue""]",,
candidate_106,407.4,True,"[""asr_active_dialogue"", ""vad_active_speech"", ""unsafe_dialogue""]",0.8219004187564302,0,,,0.5799999999999983,,0,,NO_AD,[],"[""asr_active_dialogue"", ""vad_active_speech"", ""unsafe_dialogue""]",,
candidate_107,410.28,True,"[""asr_active_dialogue"", ""vad_active_speech"", ""unsafe_dialogue""]",0.8595938558277607,0,,,0.2600000000000051,,0,,NO_AD,[],"[""asr_active_dialogue"", ""vad_active_speech"", ""unsafe_dialogue""]",,
candidate_108,411.32,True,"[""asr_active_dialogue"", ""vad_active_speech"", ""unsafe_dialogue""]",0.8380826889896262,0,,,0.2600000000000051,,0,,NO_AD,[],"[""asr_active_dialogue"", ""vad_active_speech"", ""unsafe_dialogue""]",,
candidate_109,414.32,True,"[""asr_active_dialogue"", ""vad_active_speech"", ""unsafe_dialogue""]",0.8093807602451988,0,,,0.6099999999999994,,0,,NO_AD,[],"[""asr_active_dialogue"", ""vad_active_speech"", ""unsafe_dialogue""]",,
candidate_110,416.76,True,"[""vad_active_speech"", ""unsafe_dialogue""]",0.8083775733560529,0,,,0.6099999999999994,,0,,NO_AD,[],"[""vad_active_speech"", ""unsafe_dialogue""]",,
candidate_111,420.0,True,"[""asr_active_dialogue"", ""vad_active_speech"", ""unsafe_dialogue""]",0.843762726123114,0,,,0.8100000000000023,,0,,NO_AD,[],"[""asr_active_dialogue"", ""vad_active_speech"", ""unsafe_dialogue""]",,
candidate_112,425.44,True,"[""asr_active_dialogue"", ""vad_active_speech"", ""unsafe_dialogue""]",0.9167733316722393,0,,,1,,0,,NO_AD,[],"[""asr_active_dialogue"", ""vad_active_speech"", ""unsafe_dialogue""]",,
candidate_113,429.56,True,"[""asr_active_dialogue"", ""vad_active_speech"", ""unsafe_dialogue""]",0.8968954622663752,0,,,0.4399999999999977,,0,,NO_AD,[],"[""asr_active_dialogue"", ""vad_active_speech"", ""unsafe_dialogue""]",,
candidate_114,431.32,True,"[""asr_active_dialogue"", ""vad_active_speech"", ""unsafe_dialogue""]",0.8784343787508574,0,,,0.4399999999999977,,0,,NO_AD,[],"[""asr_active_dialogue"", ""vad_active_speech"", ""unsafe_dialogue""]",,
candidate_115,433.12,True,"[""asr_active_dialogue"", ""unsafe_dialogue""]",0.8769174583654836,0,,,0.45000000000000284,,0,,NO_AD,[],"[""asr_active_dialogue"", ""unsafe_dialogue""]",,
candidate_116,435.16,True,"[""asr_active_dialogue"", ""vad_active_speech"", ""unsafe_dialogue""]",0.857968261048954,0,,,0.1599999999999966,,0,,NO_AD,[],"[""asr_active_dialogue"", ""vad_active_speech"", ""unsafe_dialogue""]",,
candidate_117,435.8,True,"[""asr_active_dialogue"", ""vad_active_speech"", ""unsafe_dialogue""]",0.860279726884002,0,,,0.1599999999999966,,0,,NO_AD,[],"[""asr_active_dialogue"", ""vad_active_speech"", ""unsafe_dialogue""]",,
candidate_118,436.52,True,"[""asr_active_dialogue"", ""unsafe_dialogue""]",0.8721453296467764,0,,,0.1799999999999926,,0,,NO_AD,[],"[""asr_active_dialogue"", ""unsafe_dialogue""]",,
candidate_119,442.24,True,"[""asr_active_dialogue"", ""unsafe_dialogue""]",0.8530670291602367,0,,,1,,0,,NO_AD,[],"[""asr_active_dialogue"", ""unsafe_dialogue""]",,
candidate_120,447.04,True,"[""asr_active_dialogue"", ""vad_active_speech"", ""unsafe_dialogue""]",0.8502113541130831,0,,,0.35999999999999943,,0,,NO_AD,[],"[""asr_active_dialogue"", ""vad_active_speech"", ""unsafe_dialogue""]",,
candidate_121,448.48,True,"[""asr_active_dialogue"", ""vad_active_speech"", ""unsafe_dialogue""]",0.8645027903699417,0,,,0.35999999999999943,,0,,NO_AD,[],"[""asr_active_dialogue"", ""vad_active_speech"", ""unsafe_dialogue""]",,
candidate_122,450.32,True,"[""asr_active_dialogue"", ""unsafe_dialogue""]",0.8723752371077675,0,,,0.39000000000000057,,0,,NO_AD,[],"[""asr_active_dialogue"", ""unsafe_dialogue""]",,
candidate_123,451.88,True,"[""asr_active_dialogue"", ""vad_active_speech"", ""unsafe_dialogue""]",0.8562463831018519,0,,,0.39000000000000057,,0,,NO_AD,[],"[""asr_active_dialogue"", ""vad_active_speech"", ""unsafe_dialogue""]",,
candidate_124,454.44,True,"[""vad_active_speech"", ""unsafe_dialogue""]",0.8164757413301612,0,,,0.4000000000000057,,0,,NO_AD,[],"[""vad_active_speech"", ""unsafe_dialogue""]",,
candidate_125,456.04,False,[],0.8901862836505486,1.0,0.1,0.15,0.3499999999999943,0.925,0.5537965709126367,58,AD,"[""no_exact_speech_crossing"", ""quality_signals_combined""]",[],brand_d,reports/phase3-episode/inspection/calibration_bhojon_bilashi/candidate_125.mp4
candidate_126,457.44,False,[],0.8758745860661009,1.0,0.1,0.15,0.3499999999999943,0.925,0.5502186465165247,60,NO_AD,"[""no_exact_speech_crossing"", ""quality_signals_combined""]","[""minimum_break_gap""]",,
candidate_127,462.32,True,"[""vad_active_speech"", ""unsafe_dialogue""]",0.7800247757523148,0,,,0.7399999999999949,,0,,NO_AD,[],"[""vad_active_speech"", ""unsafe_dialogue""]",,
candidate_128,465.28,True,"[""vad_active_speech"", ""unsafe_dialogue""]",0.8250015740204906,0,,,0.6900000000000119,,0,,NO_AD,[],"[""vad_active_speech"", ""unsafe_dialogue""]",,
candidate_129,468.04,True,"[""vad_active_speech"", ""unsafe_dialogue""]",0.8812307768561387,0,,,0.6599999999999966,,0,,NO_AD,[],"[""vad_active_speech"", ""unsafe_dialogue""]",,
candidate_130,470.68,False,[],0.8662300266846709,0.34999999999998005,0.1,0.15,0.6200000000000045,0.925,0.44480750667116425,81,NO_AD,"[""no_exact_speech_crossing"", ""quality_signals_combined""]","[""weak_transition""]",,
candidate_131,473.16,True,"[""vad_active_speech"", ""unsafe_dialogue""]",0.8413837783457647,0,,,0.28999999999999204,,0,,NO_AD,[],"[""vad_active_speech"", ""unsafe_dialogue""]",,
candidate_132,474.32,True,"[""asr_active_dialogue"", ""vad_active_speech"", ""unsafe_dialogue""]",0.8345863541130831,0,,,0.28999999999999204,,0,,NO_AD,[],"[""asr_active_dialogue"", ""vad_active_speech"", ""unsafe_dialogue""]",,
candidate_133,476.2,True,"[""asr_active_dialogue"", ""vad_active_speech"", ""unsafe_dialogue""]",0.788437915273491,0,,,0.21999999999999886,,0,,NO_AD,[],"[""asr_active_dialogue"", ""vad_active_speech"", ""unsafe_dialogue""]",,
candidate_134,477.08,True,"[""asr_active_dialogue"", ""vad_active_speech"", ""unsafe_dialogue""]",0.7903794862932956,0,,,0.21999999999999886,,0,,NO_AD,[],"[""asr_active_dialogue"", ""vad_active_speech"", ""unsafe_dialogue""]",,
candidate_135,478.24,True,"[""vad_active_speech"", ""unsafe_dialogue""]",0.8457413033693414,0,,,0.29000000000000625,,0,,NO_AD,[],"[""vad_active_speech"", ""unsafe_dialogue""]",,
candidate_136,481.56,True,"[""asr_active_dialogue"", ""unsafe_dialogue""]",0.8592808936685528,0,,,0.3299999999999983,,0,,NO_AD,[],"[""asr_active_dialogue"", ""unsafe_dialogue""]",,
candidate_137,482.88,True,"[""asr_active_dialogue"", ""unsafe_dialogue""]",0.9019078802833504,0,,,0.3299999999999983,,0,,NO_AD,[],"[""asr_active_dialogue"", ""unsafe_dialogue""]",,
candidate_138,485.16,True,"[""asr_active_dialogue"", ""unsafe_dialogue""]",0.8079242889446159,0,,,0.5700000000000074,,0,,NO_AD,[],"[""asr_active_dialogue"", ""unsafe_dialogue""]",,
candidate_139,487.64,False,[],0.868026251982596,1.0,0.2,0.15,0.5900000000000034,0.925,0.5922565629956494,44,NO_AD,"[""no_exact_speech_crossing"", ""quality_signals_combined""]","[""minimum_break_gap""]",,
candidate_140,490.0,True,"[""asr_active_dialogue"", ""vad_active_speech"", ""unsafe_dialogue""]",0.8598021623692559,0,,,0.5400000000000063,,0,,NO_AD,[],"[""asr_active_dialogue"", ""vad_active_speech"", ""unsafe_dialogue""]",,
candidate_141,492.16,True,"[""vad_active_speech"", ""unsafe_dialogue""]",0.8086238908179012,0,,,0.269999999999996,,0,,NO_AD,[],"[""vad_active_speech"", ""unsafe_dialogue""]",,
candidate_142,493.24,True,"[""asr_active_dialogue"", ""vad_active_speech"", ""unsafe_dialogue""]",0.8252048570923355,0,,,0.25,,0,,NO_AD,[],"[""asr_active_dialogue"", ""vad_active_speech"", ""unsafe_dialogue""]",,
candidate_143,494.24,True,"[""asr_active_dialogue"", ""vad_active_speech"", ""unsafe_dialogue""]",0.878606013963906,0,,,0.25,,0,,NO_AD,[],"[""asr_active_dialogue"", ""vad_active_speech"", ""unsafe_dialogue""]",,
candidate_144,495.88,True,"[""vad_active_speech"", ""unsafe_dialogue""]",0.8812347956318588,0,,,0.4099999999999966,,0,,NO_AD,[],"[""vad_active_speech"", ""unsafe_dialogue""]",,
candidate_145,499.44,False,[],0.8627281659915123,0.9019999999999697,0.1,0.15,0.46999999999999886,0.925,0.5393320414978718,64,NO_AD,"[""no_exact_speech_crossing"", ""quality_signals_combined""]","[""weak_transition""]",,
candidate_146,501.32,True,"[""asr_active_dialogue"", ""vad_active_speech"", ""unsafe_dialogue""]",0.8798789611732682,0,,,0.46999999999999886,,0,,NO_AD,[],"[""asr_active_dialogue"", ""vad_active_speech"", ""unsafe_dialogue""]",,
candidate_147,504.12,True,"[""asr_active_dialogue"", ""vad_active_speech"", ""unsafe_dialogue""]",0.8180613158007545,0,,,0.37999999999999545,,0,,NO_AD,[],"[""asr_active_dialogue"", ""vad_active_speech"", ""unsafe_dialogue""]",,
candidate_148,505.64,True,"[""asr_active_dialogue"", ""vad_active_speech"", ""unsafe_dialogue""]",0.7828821252893519,0,,,0.37999999999999545,,0,,NO_AD,[],"[""asr_active_dialogue"", ""vad_active_speech"", ""unsafe_dialogue""]",,
candidate_149,507.44,True,"[""asr_active_dialogue"", ""vad_active_speech"", ""unsafe_dialogue""]",0.8138538250707303,0,,,0.3299999999999983,,0,,NO_AD,[],"[""asr_active_dialogue"", ""vad_active_speech"", ""unsafe_dialogue""]",,
candidate_150,508.76,False,[],0.8862689820173182,0.9300000000000239,0.1,0.15,0.3299999999999983,0.925,0.5368172455043342,66,NO_AD,"[""no_exact_speech_crossing"", ""quality_signals_combined""]","[""weak_transition""]",,
candidate_151,510.08,False,[],0.8736351232960392,0.7900000000000318,0.1,0.15,0.3299999999999983,0.925,0.505658780824016,72,NO_AD,"[""no_exact_speech_crossing"", ""quality_signals_combined""]","[""weak_transition""]",,
candidate_152,513.28,False,[],0.8321461200060014,1.0,0.1,0.15,0.7999999999999972,0.925,0.5842865300015001,46,AD,"[""no_exact_speech_crossing"", ""quality_signals_combined""]",[],brand_f,reports/phase3-episode/inspection/calibration_bhojon_bilashi/candidate_152.mp4
candidate_153,518.08,True,"[""vad_active_speech"", ""unsafe_dialogue""]",0.8033013572745199,0,,,0.5799999999999841,,0,,NO_AD,[],"[""vad_active_speech"", ""unsafe_dialogue""]",,
candidate_154,520.4,True,"[""asr_active_dialogue"", ""vad_active_speech"", ""unsafe_dialogue""]",0.7967060439707647,0,,,0.5500000000000114,,0,,NO_AD,[],"[""asr_active_dialogue"", ""vad_active_speech"", ""unsafe_dialogue""]",,
candidate_155,522.6,False,[],0.8220117723336762,0.4499999999999545,0.1,0.15,0.3499999999999943,0.925,0.42675294308340944,82,NO_AD,"[""no_exact_speech_crossing"", ""quality_signals_combined""]","[""weak_transition""]",,
candidate_156,524.0,True,"[""vad_active_speech"", ""unsafe_dialogue""]",0.8404438871742114,0,,,0.28000000000000114,,0,,NO_AD,[],"[""vad_active_speech"", ""unsafe_dialogue""]",,
candidate_157,525.12,True,"[""vad_active_speech"", ""unsafe_dialogue""]",0.7996471180019717,0,,,0.28000000000000114,,0,,NO_AD,[],"[""vad_active_speech"", ""unsafe_dialogue""]",,
candidate_158,526.72,False,[],0.7913778171617798,0.65,0.1,0.15,0.4000000000000057,0.925,0.4640944542904456,79,NO_AD,"[""no_exact_speech_crossing"", ""quality_signals_combined""]","[""weak_transition""]",,
candidate_159,530.32,True,"[""vad_active_speech"", ""unsafe_dialogue""]",0.7804042151598937,0,,,0.7199999999999989,,0,,NO_AD,[],"[""vad_active_speech"", ""unsafe_dialogue""]",,
candidate_160,533.2,True,"[""vad_active_speech"", ""unsafe_dialogue""]",0.8050131882823217,0,,,0.6199999999999761,,0,,NO_AD,[],"[""vad_active_speech"", ""unsafe_dialogue""]",,
candidate_161,535.68,True,"[""vad_active_speech"", ""unsafe_dialogue""]",0.7994723012581447,0,,,0.6199999999999761,,0,,NO_AD,[],"[""vad_active_speech"", ""unsafe_dialogue""]",,
candidate_162,542.76,False,[],0.7906105658972051,0.3499999999998806,1,0.15,1,0.925,0.6439026414742774,33,NO_AD,"[""no_exact_speech_crossing"", ""quality_signals_combined""]","[""minimum_break_gap""]",,
candidate_163,546.8,True,"[""vad_active_speech"", ""unsafe_dialogue""]",0.8808434673461077,0,,,0.5100000000000193,,0,,NO_AD,[],"[""vad_active_speech"", ""unsafe_dialogue""]",,
candidate_164,548.84,False,[],1.0,1.0,1,0.15,0.21999999999999886,0.925,0.74825,14,AD,"[""no_exact_speech_crossing"", ""quality_signals_combined""]",[],brand_a,reports/phase3-episode/inspection/calibration_bhojon_bilashi/candidate_164.mp4
candidate_165,549.72,False,[],0.9219923817408264,1.0,1,0.15,0.21999999999999886,0.925,0.7287480954352066,17,NO_AD,"[""no_exact_speech_crossing"", ""quality_signals_combined""]","[""minimum_break_gap""]",,
candidate_166,551.44,True,"[""asr_active_dialogue"", ""unsafe_dialogue""]",1.0,0,,,0.3199999999999932,,0,,NO_AD,[],"[""asr_active_dialogue"", ""unsafe_dialogue""]",,
candidate_167,552.72,True,"[""asr_active_dialogue"", ""unsafe_dialogue""]",0.8796786921832132,0,,,0.3199999999999932,,0,,NO_AD,[],"[""asr_active_dialogue"", ""unsafe_dialogue""]",,
candidate_168,554.24,True,"[""asr_active_dialogue"", ""vad_active_speech"", ""unsafe_dialogue""]",0.8387640389231824,0,,,0.13999999999998636,,0,,NO_AD,[],"[""asr_active_dialogue"", ""vad_active_speech"", ""unsafe_dialogue""]",,
candidate_169,554.8,True,"[""asr_active_dialogue"", ""vad_active_speech"", ""unsafe_dialogue""]",0.8392211746613512,0,,,0.13999999999998636,,0,,NO_AD,[],"[""asr_active_dialogue"", ""vad_active_speech"", ""unsafe_dialogue""]",,
candidate_170,556.2,True,"[""asr_active_dialogue"", ""vad_active_speech"", ""unsafe_dialogue""]",0.8782138484332132,0,,,0.2599999999999909,,0,,NO_AD,[],"[""asr_active_dialogue"", ""vad_active_speech"", ""unsafe_dialogue""]",,
candidate_171,557.24,True,"[""asr_active_dialogue"", ""vad_active_speech"", ""unsafe_dialogue""]",0.8736103408457647,0,,,0.2599999999999909,,0,,NO_AD,[],"[""asr_active_dialogue"", ""vad_active_speech"", ""unsafe_dialogue""]",,
candidate_172,561.64,True,"[""asr_active_dialogue"", ""vad_active_speech"", ""unsafe_dialogue""]",0.74642161511917,0,,,0.4099999999999966,,0,,NO_AD,[],"[""asr_active_dialogue"", ""vad_active_speech"", ""unsafe_dialogue""]",,
candidate_173,563.28,False,[],1.0,1.0,1,0.5,0.36000000000001364,0.95,0.8335000000000014,6,NO_AD,"[""no_exact_speech_crossing"", ""quality_signals_combined""]","[""minimum_break_gap""]",,
candidate_174,564.72,False,[],1.0,1.0,1,0.5,0.36000000000001364,0.925,0.8322500000000014,7,NO_AD,"[""no_exact_speech_crossing"", ""quality_signals_combined""]","[""minimum_break_gap""]",,
candidate_175,566.8,False,[],1.0,1.0,0.2,0.65,0.4399999999999977,0.8500000000000001,0.7064999999999998,20,NO_AD,"[""no_exact_speech_crossing"", ""quality_signals_combined""]","[""minimum_break_gap""]",,
candidate_176,568.56,False,[],1.0,1.0,0.1,0.65,0.37000000000000455,0.925,0.6832500000000006,23,NO_AD,"[""no_exact_speech_crossing"", ""quality_signals_combined""]","[""minimum_break_gap""]",,
candidate_177,570.04,False,[],0.8926549840856481,1.0,0.1,0.65,0.3200000000000216,0.925,0.6514137460214142,31,NO_AD,"[""no_exact_speech_crossing"", ""quality_signals_combined""]","[""minimum_break_gap""]",,
candidate_178,571.32,False,[],1.0,1.0,0.1,0.65,0.1699999999999875,0.925,0.6632499999999989,28,NO_AD,"[""no_exact_speech_crossing"", ""quality_signals_combined""]","[""minimum_break_gap""]",,
candidate_179,572.0,False,[],1.0,1.0,0.1,0.65,0.1699999999999875,0.925,0.6632499999999989,29,NO_AD,"[""no_exact_speech_crossing"", ""quality_signals_combined""]","[""minimum_break_gap""]",,
candidate_180,573.2,False,[],0.9511569720400376,1.0,0.1,0.65,0.30000000000001137,0.925,0.6640392430100106,27,NO_AD,"[""no_exact_speech_crossing"", ""quality_signals_combined""]","[""minimum_break_gap""]",,
candidate_181,575.16,False,[],0.9031990794324416,1.0,0.1,0.65,0.4899999999999807,0.925,0.6710497698581085,25,NO_AD,"[""no_exact_speech_crossing"", ""quality_signals_combined""]","[""minimum_break_gap""]",,
candidate_182,577.32,False,[],1.0,1.0,1,0.15,0.37999999999999545,0.925,0.7642499999999997,10,NO_AD,"[""no_exact_speech_crossing"", ""quality_signals_combined""]","[""minimum_break_gap""]",,
candidate_183,578.84,False,[],1.0,1.0,1,0.15,0.37999999999999545,0.925,0.7642499999999997,11,AD,"[""no_exact_speech_crossing"", ""quality_signals_combined""]",[],brand_a,reports/phase3-episode/inspection/calibration_bhojon_bilashi/candidate_183.mp4
candidate_184,581.16,True,"[""asr_active_dialogue"", ""unsafe_dialogue""]",1.0,0,,,0.5799999999999841,,0,,NO_AD,[],"[""asr_active_dialogue"", ""unsafe_dialogue""]",,
candidate_185,585.2,True,"[""asr_active_dialogue"", ""vad_active_speech"", ""unsafe_dialogue""]",0.915675536104681,0,,,0.14999999999997726,,0,,NO_AD,[],"[""asr_active_dialogue"", ""vad_active_speech"", ""unsafe_dialogue""]",,
candidate_186,585.8,True,"[""asr_active_dialogue"", ""vad_active_speech"", ""unsafe_dialogue""]",0.8685180496613512,0,,,0.14999999999997726,,0,,NO_AD,[],"[""asr_active_dialogue"", ""vad_active_speech"", ""unsafe_dialogue""]",,
candidate_187,587.4,True,"[""asr_active_dialogue"", ""vad_active_speech"", ""unsafe_dialogue""]",0.8875392500428669,0,,,0.4000000000000057,,0,,NO_AD,[],"[""asr_active_dialogue"", ""vad_active_speech"", ""unsafe_dialogue""]",,
candidate_188,589.12,True,"[""asr_active_dialogue"", ""vad_active_speech"", ""unsafe_dialogue""]",0.8610747746806412,0,,,0.4300000000000068,,0,,NO_AD,[],"[""asr_active_dialogue"", ""vad_active_speech"", ""unsafe_dialogue""]",,
candidate_189,591.16,True,"[""asr_active_dialogue"", ""vad_active_speech"", ""unsafe_dialogue""]",0.827307346589935,0,,,0.4399999999999977,,0,,NO_AD,[],"[""asr_active_dialogue"", ""vad_active_speech"", ""unsafe_dialogue""]",,
candidate_190,592.92,True,"[""vad_active_speech"", ""unsafe_dialogue""]",0.8683440701624657,0,,,0.1599999999999966,,0,,NO_AD,[],"[""vad_active_speech"", ""unsafe_dialogue""]",,
candidate_191,593.56,True,"[""vad_active_speech"", ""unsafe_dialogue""]",0.8694966215492114,0,,,0.1599999999999966,,0,,NO_AD,[],"[""vad_active_speech"", ""unsafe_dialogue""]",,
candidate_192,594.44,True,"[""vad_active_speech"", ""unsafe_dialogue""]",0.8759959865826474,0,,,0.22000000000002728,,0,,NO_AD,[],"[""vad_active_speech"", ""unsafe_dialogue""]",,
candidate_193,597.12,False,[],0.8577000077696331,0.5499999999999773,0.1,0.15,0.6699999999999875,0.925,0.48767500194240254,74,NO_AD,"[""no_exact_speech_crossing"", ""quality_signals_combined""]","[""weak_transition""]",,
candidate_194,600.56,True,"[""vad_active_speech"", ""unsafe_dialogue""]",0.8541109061535493,0,,,0.8100000000000023,,0,,NO_AD,[],"[""vad_active_speech"", ""unsafe_dialogue""]",,
candidate_195,603.8,True,"[""asr_active_dialogue"", ""vad_active_speech"", ""unsafe_dialogue""]",0.9164801284936558,0,,,0.8100000000000023,,0,,NO_AD,[],"[""asr_active_dialogue"", ""vad_active_speech"", ""unsafe_dialogue""]",,
candidate_196,607.72,True,"[""asr_active_dialogue"", ""vad_active_speech"", ""unsafe_dialogue""]",0.9252847637495712,0,,,0.7399999999999807,,0,,NO_AD,[],"[""asr_active_dialogue"", ""vad_active_speech"", ""unsafe_dialogue""]",,
candidate_197,610.68,True,"[""vad_active_speech"", ""unsafe_dialogue""]",0.8617512685935357,0,,,0.7399999999999807,,0,,NO_AD,[],"[""vad_active_speech"", ""unsafe_dialogue""]",,
candidate_198,614.0,True,"[""vad_active_speech"", ""unsafe_dialogue""]",0.8728732303990911,0,,,0.37999999999999545,,0,,NO_AD,[],"[""vad_active_speech"", ""unsafe_dialogue""]",,
candidate_199,615.52,True,"[""asr_active_dialogue"", ""vad_active_speech"", ""unsafe_dialogue""]",0.8554720989797668,0,,,0.37999999999999545,,0,,NO_AD,[],"[""asr_active_dialogue"", ""vad_active_speech"", ""unsafe_dialogue""]",,
candidate_200,617.36,True,"[""vad_active_speech"", ""unsafe_dialogue""]",0.8764259955847051,0,,,0.46000000000000796,,0,,NO_AD,[],"[""vad_active_speech"", ""unsafe_dialogue""]",,
candidate_201,621.52,True,"[""asr_active_dialogue"", ""vad_active_speech"", ""unsafe_dialogue""]",0.9118846584576474,0,,,1,,0,,NO_AD,[],"[""asr_active_dialogue"", ""vad_active_speech"", ""unsafe_dialogue""]",,
candidate_202,626.28,True,"[""vad_active_speech"", ""unsafe_dialogue""]",0.9086361480838477,0,,,1,,0,,NO_AD,[],"[""vad_active_speech"", ""unsafe_dialogue""]",,
candidate_203,630.4,True,"[""asr_active_dialogue"", ""vad_active_speech"", ""unsafe_dialogue""]",0.821229450660151,0,,,0.3300000000000125,,0,,NO_AD,[],"[""asr_active_dialogue"", ""vad_active_speech"", ""unsafe_dialogue""]",,
candidate_204,631.72,True,"[""asr_active_dialogue"", ""vad_active_speech"", ""unsafe_dialogue""]",0.8096763077096194,0,,,0.3300000000000125,,0,,NO_AD,[],"[""asr_active_dialogue"", ""vad_active_speech"", ""unsafe_dialogue""]",,
candidate_205,634.52,True,"[""asr_active_dialogue"", ""vad_active_speech"", ""unsafe_dialogue""]",0.8113991903506516,0,,,0.18999999999999773,,0,,NO_AD,[],"[""asr_active_dialogue"", ""vad_active_speech"", ""unsafe_dialogue""]",,
candidate_206,635.28,True,"[""asr_active_dialogue"", ""vad_active_speech"", ""unsafe_dialogue""]",0.8014698002400549,0,,,0.18999999999999773,,0,,NO_AD,[],"[""asr_active_dialogue"", ""vad_active_speech"", ""unsafe_dialogue""]",,
candidate_207,639.04,True,"[""asr_active_dialogue"", ""vad_active_speech"", ""unsafe_dialogue""]",0.9172855581275721,0,,,0.5,,0,,NO_AD,[],"[""asr_active_dialogue"", ""vad_active_speech"", ""unsafe_dialogue""]",,
candidate_208,641.04,True,"[""asr_active_dialogue"", ""vad_active_speech"", ""unsafe_dialogue""]",0.9220198433749144,0,,,0.5,,0,,NO_AD,[],"[""asr_active_dialogue"", ""vad_active_speech"", ""unsafe_dialogue""]",,
candidate_209,643.56,True,"[""asr_active_dialogue"", ""vad_active_speech"", ""unsafe_dialogue""]",0.8374674814064643,0,,,0.29000000000002046,,0,,NO_AD,[],"[""asr_active_dialogue"", ""vad_active_speech"", ""unsafe_dialogue""]",,
candidate_210,644.72,True,"[""asr_active_dialogue"", ""vad_active_speech"", ""unsafe_dialogue""]",0.8272244593407065,0,,,0.29000000000002046,,0,,NO_AD,[],"[""asr_active_dialogue"", ""vad_active_speech"", ""unsafe_dialogue""]",,
candidate_211,646.4,True,"[""asr_active_dialogue"", ""vad_active_speech"", ""unsafe_dialogue""]",0.8299778230559843,0,,,0.15000000000000568,,0,,NO_AD,[],"[""asr_active_dialogue"", ""vad_active_speech"", ""unsafe_dialogue""]",,
candidate_212,647.0,True,"[""asr_active_dialogue"", ""vad_active_speech"", ""unsafe_dialogue""]",0.9055805389446159,0,,,0.15000000000000568,,0,,NO_AD,[],"[""asr_active_dialogue"", ""vad_active_speech"", ""unsafe_dialogue""]",,
candidate_213,647.72,True,"[""asr_active_dialogue"", ""vad_active_speech"", ""unsafe_dialogue""]",0.9661990821116255,0,,,0.18000000000000682,,0,,NO_AD,[],"[""asr_active_dialogue"", ""vad_active_speech"", ""unsafe_dialogue""]",,
candidate_214,653.2,True,"[""asr_active_dialogue"", ""vad_active_speech"", ""unsafe_dialogue""]",0.8754104174704218,0,,,0.9799999999999898,,0,,NO_AD,[],"[""asr_active_dialogue"", ""vad_active_speech"", ""unsafe_dialogue""]",,
candidate_215,657.12,True,"[""asr_active_dialogue"", ""vad_active_speech"", ""unsafe_dialogue""]",0.8594232253086419,0,,,0.5600000000000023,,0,,NO_AD,[],"[""asr_active_dialogue"", ""vad_active_speech"", ""unsafe_dialogue""]",,
candidate_216,659.36,True,"[""asr_active_dialogue"", ""vad_active_speech"", ""unsafe_dialogue""]",0.8890620311428328,0,,,0.5600000000000023,,0,,NO_AD,[],"[""asr_active_dialogue"", ""vad_active_speech"", ""unsafe_dialogue""]",,
candidate_217,665.6,True,"[""asr_active_dialogue"", ""vad_active_speech"", ""unsafe_dialogue""]",0.8773479697145062,0,,,0.47999999999998977,,0,,NO_AD,[],"[""asr_active_dialogue"", ""vad_active_speech"", ""unsafe_dialogue""]",,
candidate_218,667.52,True,"[""asr_active_dialogue"", ""vad_active_speech"", ""unsafe_dialogue""]",0.8806539150913065,0,,,0.47999999999998977,,0,,NO_AD,[],"[""asr_active_dialogue"", ""vad_active_speech"", ""unsafe_dialogue""]",,
candidate_219,670.88,True,"[""asr_active_dialogue"", ""vad_active_speech"", ""unsafe_dialogue""]",0.8679303037122771,0,,,0.5800000000000125,,0,,NO_AD,[],"[""asr_active_dialogue"", ""vad_active_speech"", ""unsafe_dialogue""]",,
candidate_220,673.2,True,"[""asr_active_dialogue"", ""vad_active_speech"", ""unsafe_dialogue""]",0.867280099290552,0,,,0.5800000000000125,,0,,NO_AD,[],"[""asr_active_dialogue"", ""vad_active_speech"", ""unsafe_dialogue""]",,
candidate_221,677.6,True,"[""asr_active_dialogue"", ""vad_active_speech"", ""unsafe_dialogue""]",0.8579875176826133,0,,,0.5099999999999909,,0,,NO_AD,[],"[""asr_active_dialogue"", ""vad_active_speech"", ""unsafe_dialogue""]",,
candidate_222,679.64,True,"[""asr_active_dialogue"", ""vad_active_speech"", ""unsafe_dialogue""]",0.863871340234911,0,,,0.5099999999999909,,0,,NO_AD,[],"[""asr_active_dialogue"", ""vad_active_speech"", ""unsafe_dialogue""]",,
candidate_223,686.0,True,"[""asr_active_dialogue"", ""vad_active_speech"", ""unsafe_dialogue""]",0.8504204978995199,0,,,0.46999999999999886,,0,,NO_AD,[],"[""asr_active_dialogue"", ""vad_active_speech"", ""unsafe_dialogue""]",,
candidate_224,687.88,True,"[""asr_active_dialogue"", ""vad_active_speech"", ""unsafe_dialogue""]",0.9061888811192559,0,,,0.46999999999999886,,0,,NO_AD,[],"[""asr_active_dialogue"", ""vad_active_speech"", ""unsafe_dialogue""]",,
candidate_225,696.44,True,"[""asr_active_dialogue"", ""vad_active_speech"", ""unsafe_dialogue""]",0.9071277675968794,0,,,1,,0,,NO_AD,[],"[""asr_active_dialogue"", ""vad_active_speech"", ""unsafe_dialogue""]",,
candidate_226,700.6,True,"[""asr_active_dialogue"", ""vad_active_speech"", ""unsafe_dialogue""]",0.870174287605024,0,,,0.3599999999999852,,0,,NO_AD,[],"[""asr_active_dialogue"", ""vad_active_speech"", ""unsafe_dialogue""]",,
candidate_227,702.04,True,"[""asr_active_dialogue"", ""vad_active_speech"", ""unsafe_dialogue""]",0.88415426874357,0,,,0.3599999999999852,,0,,NO_AD,[],"[""asr_active_dialogue"", ""vad_active_speech"", ""unsafe_dialogue""]",,
candidate_228,705.04,True,"[""asr_active_dialogue"", ""vad_active_speech"", ""unsafe_dialogue""]",0.8780172633209019,0,,,0.2300000000000182,,0,,NO_AD,[],"[""asr_active_dialogue"", ""vad_active_speech"", ""unsafe_dialogue""]",,
candidate_229,705.96,True,"[""asr_active_dialogue"", ""vad_active_speech"", ""unsafe_dialogue""]",0.8750709983710563,0,,,0.2300000000000182,,0,,NO_AD,[],"[""asr_active_dialogue"", ""vad_active_speech"", ""unsafe_dialogue""]",,
candidate_230,707.44,True,"[""asr_active_dialogue"", ""vad_active_speech"", ""unsafe_dialogue""]",0.8856500905564131,0,,,0.28999999999999204,,0,,NO_AD,[],"[""asr_active_dialogue"", ""vad_active_speech"", ""unsafe_dialogue""]",,
candidate_231,708.6,True,"[""asr_active_dialogue"", ""unsafe_dialogue""]",0.8761359739368998,0,,,0.28999999999999204,,0,,NO_AD,[],"[""asr_active_dialogue"", ""unsafe_dialogue""]",,
candidate_232,712.36,True,"[""asr_active_dialogue"", ""vad_active_speech"", ""unsafe_dialogue""]",0.923224136499057,0,,,0.9399999999999977,,0,,NO_AD,[],"[""asr_active_dialogue"", ""vad_active_speech"", ""unsafe_dialogue""]",,
candidate_233,716.6,True,"[""asr_active_dialogue"", ""vad_active_speech"", ""unsafe_dialogue""]",0.9443081409679354,0,,,1,,0,,NO_AD,[],"[""asr_active_dialogue"", ""vad_active_speech"", ""unsafe_dialogue""]",,
candidate_234,721.28,True,"[""asr_active_dialogue"", ""vad_active_speech"", ""unsafe_dialogue""]",0.8645587183320472,0,,,0.5300000000000011,,0,,NO_AD,[],"[""asr_active_dialogue"", ""vad_active_speech"", ""unsafe_dialogue""]",,
candidate_235,723.4,True,"[""asr_active_dialogue"", ""vad_active_speech"", ""unsafe_dialogue""]",0.8569501711998456,0,,,0.5300000000000011,,0,,NO_AD,[],"[""asr_active_dialogue"", ""vad_active_speech"", ""unsafe_dialogue""]",,
candidate_236,727.64,True,"[""asr_active_dialogue"", ""vad_active_speech"", ""unsafe_dialogue""]",0.8568835265024863,0,,,0.4900000000000091,,0,,NO_AD,[],"[""asr_active_dialogue"", ""vad_active_speech"", ""unsafe_dialogue""]",,
candidate_237,729.6,True,"[""asr_active_dialogue"", ""vad_active_speech"", ""unsafe_dialogue""]",0.8508888527199074,0,,,0.37999999999999545,,0,,NO_AD,[],"[""asr_active_dialogue"", ""vad_active_speech"", ""unsafe_dialogue""]",,
candidate_238,731.12,True,"[""asr_active_dialogue"", ""vad_active_speech"", ""unsafe_dialogue""]",0.9135355380336935,0,,,0.37999999999999545,,0,,NO_AD,[],"[""asr_active_dialogue"", ""vad_active_speech"", ""unsafe_dialogue""]",,
candidate_239,734.28,True,"[""vad_active_speech"", ""unsafe_dialogue""]",0.9174193498692559,0,,,0.789999999999992,,0,,NO_AD,[],"[""vad_active_speech"", ""unsafe_dialogue""]",,
candidate_240,737.72,True,"[""asr_active_dialogue"", ""vad_active_speech"", ""unsafe_dialogue""]",0.7924682449738512,0,,,0.5,,0,,NO_AD,[],"[""asr_active_dialogue"", ""vad_active_speech"", ""unsafe_dialogue""]",,
candidate_241,739.72,True,"[""asr_active_dialogue"", ""vad_active_speech"", ""unsafe_dialogue""]",0.8400096919474451,0,,,0.5,,0,,NO_AD,[],"[""asr_active_dialogue"", ""vad_active_speech"", ""unsafe_dialogue""]",,
candidate_242,742.6,True,"[""asr_active_dialogue"", ""vad_active_speech"", ""unsafe_dialogue""]",0.8220973387667181,0,,,0.6299999999999955,,0,,NO_AD,[],"[""asr_active_dialogue"", ""vad_active_speech"", ""unsafe_dialogue""]",,
candidate_243,745.12,True,"[""asr_active_dialogue"", ""vad_active_speech"", ""unsafe_dialogue""]",0.8778402697402264,0,,,0.3400000000000034,,0,,NO_AD,[],"[""asr_active_dialogue"", ""vad_active_speech"", ""unsafe_dialogue""]",,
candidate_244,746.48,True,"[""vad_active_speech"", ""unsafe_dialogue""]",0.9163811661415465,0,,,0.3400000000000034,,0,,NO_AD,[],"[""vad_active_speech"", ""unsafe_dialogue""]",,
candidate_245,748.32,True,"[""asr_active_dialogue"", ""vad_active_speech"", ""unsafe_dialogue""]",0.8901474354852538,0,,,0.46000000000000796,,0,,NO_AD,[],"[""asr_active_dialogue"", ""vad_active_speech"", ""unsafe_dialogue""]",,
candidate_246,750.4,True,"[""vad_active_speech"", ""unsafe_dialogue""]",0.9370237750771605,0,,,0.5199999999999818,,0,,NO_AD,[],"[""vad_active_speech"", ""unsafe_dialogue""]",,
candidate_247,754.76,True,"[""asr_active_dialogue"", ""vad_active_speech"", ""unsafe_dialogue""]",0.9300719628772292,0,,,0.6599999999999966,,0,,NO_AD,[],"[""asr_active_dialogue"", ""vad_active_speech"", ""unsafe_dialogue""]",,
candidate_248,757.4,True,"[""vad_active_speech"", ""unsafe_dialogue""]",0.8809816127614885,0,,,0.36000000000001364,,0,,NO_AD,[],"[""vad_active_speech"", ""unsafe_dialogue""]",,
candidate_249,758.84,True,"[""asr_active_dialogue"", ""vad_active_speech"", ""unsafe_dialogue""]",0.8826860760138032,0,,,0.36000000000001364,,0,,NO_AD,[],"[""asr_active_dialogue"", ""vad_active_speech"", ""unsafe_dialogue""]",,
candidate_250,764.0,True,"[""vad_active_speech"", ""unsafe_dialogue""]",0.8457637415337792,0,,,0.1599999999999966,,0,,NO_AD,[],"[""vad_active_speech"", ""unsafe_dialogue""]",,
candidate_251,764.64,True,"[""vad_active_speech"", ""unsafe_dialogue""]",0.8535770787787208,0,,,0.1599999999999966,,0,,NO_AD,[],"[""vad_active_speech"", ""unsafe_dialogue""]",,
candidate_252,765.72,True,"[""asr_active_dialogue"", ""vad_active_speech"", ""unsafe_dialogue""]",0.8233451686278291,0,,,0.27000000000001023,,0,,NO_AD,[],"[""asr_active_dialogue"", ""vad_active_speech"", ""unsafe_dialogue""]",,
candidate_253,767.12,True,"[""vad_active_speech"", ""unsafe_dialogue""]",0.876658749678498,0,,,0.3499999999999943,,0,,NO_AD,[],"[""vad_active_speech"", ""unsafe_dialogue""]",,
candidate_254,768.52,True,"[""asr_active_dialogue"", ""vad_active_speech"", ""unsafe_dialogue""]",0.8878347975072872,0,,,0.3499999999999943,,0,,NO_AD,[],"[""asr_active_dialogue"", ""vad_active_speech"", ""unsafe_dialogue""]",,
candidate_255,770.84,True,"[""asr_active_dialogue"", ""vad_active_speech"", ""unsafe_dialogue""]",0.9108794621806415,0,,,0.25,,0,,NO_AD,[],"[""asr_active_dialogue"", ""vad_active_speech"", ""unsafe_dialogue""]",,
candidate_256,771.84,True,"[""asr_active_dialogue"", ""vad_active_speech"", ""unsafe_dialogue""]",0.8863595719200105,0,,,0.25,,0,,NO_AD,[],"[""asr_active_dialogue"", ""vad_active_speech"", ""unsafe_dialogue""]",,
candidate_257,773.0,True,"[""asr_active_dialogue"", ""vad_active_speech"", ""unsafe_dialogue""]",0.8865526406035664,0,,,0.28999999999999204,,0,,NO_AD,[],"[""asr_active_dialogue"", ""vad_active_speech"", ""unsafe_dialogue""]",,
candidate_258,776.28,True,"[""asr_active_dialogue"", ""vad_active_speech"", ""unsafe_dialogue""]",0.8731592332711762,0,,,0.5999999999999943,,0,,NO_AD,[],"[""asr_active_dialogue"", ""vad_active_speech"", ""unsafe_dialogue""]",,
candidate_259,778.68,True,"[""asr_active_dialogue"", ""vad_active_speech"", ""unsafe_dialogue""]",0.8639835310570988,0,,,0.4800000000000182,,0,,NO_AD,[],"[""asr_active_dialogue"", ""vad_active_speech"", ""unsafe_dialogue""]",,
candidate_260,780.6,True,"[""asr_active_dialogue"", ""vad_active_speech"", ""unsafe_dialogue""]",0.8850136169517318,0,,,0.46999999999999886,,0,,NO_AD,[],"[""asr_active_dialogue"", ""vad_active_speech"", ""unsafe_dialogue""]",,
candidate_261,782.48,True,"[""asr_active_dialogue"", ""vad_active_speech"", ""unsafe_dialogue""]",0.9187360012645747,0,,,0.4300000000000068,,0,,NO_AD,[],"[""asr_active_dialogue"", ""vad_active_speech"", ""unsafe_dialogue""]",,
candidate_262,784.2,True,"[""asr_active_dialogue"", ""vad_active_speech"", ""unsafe_dialogue""]",0.8920900111989885,0,,,0.3199999999999932,,0,,NO_AD,[],"[""asr_active_dialogue"", ""vad_active_speech"", ""unsafe_dialogue""]",,
candidate_263,785.48,True,"[""asr_active_dialogue"", ""vad_active_speech"", ""unsafe_dialogue""]",0.909918472436557,0,,,0.3199999999999932,,0,,NO_AD,[],"[""asr_active_dialogue"", ""vad_active_speech"", ""unsafe_dialogue""]",,
candidate_264,786.88,True,"[""asr_active_dialogue"", ""vad_active_speech"", ""unsafe_dialogue""]",0.8794456031914438,0,,,0.22999999999998977,,0,,NO_AD,[],"[""asr_active_dialogue"", ""vad_active_speech"", ""unsafe_dialogue""]",,
candidate_265,787.8,True,"[""asr_active_dialogue"", ""vad_active_speech"", ""unsafe_dialogue""]",0.9010130328896605,0,,,0.21000000000000796,,0,,NO_AD,[],"[""asr_active_dialogue"", ""vad_active_speech"", ""unsafe_dialogue""]",,
candidate_266,788.64,True,"[""asr_active_dialogue"", ""vad_active_speech"", ""unsafe_dialogue""]",0.8990997607488855,0,,,0.21000000000000796,,0,,NO_AD,[],"[""asr_active_dialogue"", ""vad_active_speech"", ""unsafe_dialogue""]",,
candidate_267,791.16,True,"[""asr_active_dialogue"", ""vad_active_speech"", ""unsafe_dialogue""]",0.8912181043167009,0,,,0.6299999999999955,,0,,NO_AD,[],"[""asr_active_dialogue"", ""vad_active_speech"", ""unsafe_dialogue""]",,
candidate_268,793.96,True,"[""asr_active_dialogue"", ""vad_active_speech"", ""unsafe_dialogue""]",0.8775174280907064,0,,,0.1699999999999875,,0,,NO_AD,[],"[""asr_active_dialogue"", ""vad_active_speech"", ""unsafe_dialogue""]",,
candidate_269,794.64,True,"[""asr_active_dialogue"", ""vad_active_speech"", ""unsafe_dialogue""]",0.9071299444337277,0,,,0.1699999999999875,,0,,NO_AD,[],"[""asr_active_dialogue"", ""vad_active_speech"", ""unsafe_dialogue""]",,
candidate_270,795.52,True,"[""asr_active_dialogue"", ""vad_active_speech"", ""unsafe_dialogue""]",0.9173830134387858,0,,,0.15000000000000568,,0,,NO_AD,[],"[""asr_active_dialogue"", ""vad_active_speech"", ""unsafe_dialogue""]",,
candidate_271,796.12,True,"[""asr_active_dialogue"", ""vad_active_speech"", ""unsafe_dialogue""]",0.9054261509773661,0,,,0.15000000000000568,,0,,NO_AD,[],"[""asr_active_dialogue"", ""vad_active_speech"", ""unsafe_dialogue""]",,
candidate_272,798.56,True,"[""asr_active_dialogue"", ""vad_active_speech"", ""unsafe_dialogue""]",0.9048400795181757,0,,,0.4800000000000182,,0,,NO_AD,[],"[""asr_active_dialogue"", ""vad_active_speech"", ""unsafe_dialogue""]",,
candidate_273,800.48,True,"[""asr_active_dialogue"", ""vad_active_speech"", ""unsafe_dialogue""]",0.88920051145619,0,,,0.1599999999999966,,0,,NO_AD,[],"[""asr_active_dialogue"", ""vad_active_speech"", ""unsafe_dialogue""]",,
candidate_274,801.12,True,"[""asr_active_dialogue"", ""unsafe_dialogue""]",0.8693234792952673,0,,,0.1599999999999966,,0,,NO_AD,[],"[""asr_active_dialogue"", ""unsafe_dialogue""]",,
candidate_275,803.0,True,"[""vad_active_speech"", ""unsafe_dialogue""]",0.8479405783822017,0,,,0.46999999999999886,,0,,NO_AD,[],"[""vad_active_speech"", ""unsafe_dialogue""]",,
candidate_276,807.92,True,"[""asr_active_dialogue"", ""vad_active_speech"", ""unsafe_dialogue""]",0.8922896103930897,0,,,0.8300000000000125,,0,,NO_AD,[],"[""asr_active_dialogue"", ""vad_active_speech"", ""unsafe_dialogue""]",,
candidate_277,811.24,True,"[""asr_active_dialogue"", ""vad_active_speech"", ""unsafe_dialogue""]",0.8528485082304528,0,,,0.4099999999999966,,0,,NO_AD,[],"[""asr_active_dialogue"", ""vad_active_speech"", ""unsafe_dialogue""]",,
candidate_278,812.88,True,"[""asr_active_dialogue"", ""vad_active_speech"", ""unsafe_dialogue""]",0.9050289619770233,0,,,0.30000000000001137,,0,,NO_AD,[],"[""asr_active_dialogue"", ""vad_active_speech"", ""unsafe_dialogue""]",,
candidate_279,814.08,True,"[""asr_active_dialogue"", ""vad_active_speech"", ""unsafe_dialogue""]",0.8454494397826647,0,,,0.30000000000001137,,0,,NO_AD,[],"[""asr_active_dialogue"", ""vad_active_speech"", ""unsafe_dialogue""]",,
candidate_280,817.16,True,"[""all_brands_hard_blocked""]",0.9382583764681928,1.0,0.1,0.15,0.3100000000000023,0.925,0.5618145941170485,54,NO_AD,"[""no_exact_speech_crossing"", ""quality_signals_combined""]","[""no_safe_brand""]",,
candidate_281,818.4,True,"[""vad_active_speech"", ""unsafe_dialogue""]",0.8560802737054183,0,,,0.3100000000000023,,0,,NO_AD,[],"[""vad_active_speech"", ""unsafe_dialogue""]",,
candidate_282,820.12,True,"[""asr_active_dialogue"", ""vad_active_speech"", ""unsafe_dialogue""]",0.846719540359225,0,,,0.4300000000000068,,0,,NO_AD,[],"[""asr_active_dialogue"", ""vad_active_speech"", ""unsafe_dialogue""]",,
candidate_283,824.68,True,"[""vad_active_speech"", ""unsafe_dialogue""]",0.8095584236218278,0,,,1,,0,,NO_AD,[],"[""vad_active_speech"", ""unsafe_dialogue""]",,
candidate_284,831.88,True,"[""asr_active_dialogue"", ""vad_active_speech"", ""unsafe_dialogue""]",0.825082619330847,0,,,0.7599999999999909,,0,,NO_AD,[],"[""asr_active_dialogue"", ""vad_active_speech"", ""unsafe_dialogue""]",,
candidate_285,834.92,True,"[""asr_active_dialogue"", ""unsafe_dialogue""]",0.9131751878107854,0,,,0.7199999999999989,,0,,NO_AD,[],"[""asr_active_dialogue"", ""unsafe_dialogue""]",,
candidate_286,837.8,True,"[""asr_active_dialogue"", ""unsafe_dialogue""]",0.9125961492091049,0,,,0.7199999999999989,,0,,NO_AD,[],"[""asr_active_dialogue"", ""unsafe_dialogue""]",,
candidate_287,840.76,True,"[""asr_active_dialogue"", ""vad_active_speech"", ""unsafe_dialogue""]",0.8467156890324931,0,,,0.6200000000000045,,0,,NO_AD,[],"[""asr_active_dialogue"", ""vad_active_speech"", ""unsafe_dialogue""]",,
candidate_288,843.24,True,"[""asr_active_dialogue"", ""vad_active_speech"", ""unsafe_dialogue""]",0.8338916082604596,0,,,0.5099999999999909,,0,,NO_AD,[],"[""asr_active_dialogue"", ""vad_active_speech"", ""unsafe_dialogue""]",,
candidate_289,845.28,True,"[""asr_active_dialogue"", ""unsafe_dialogue""]",0.9654232909486453,0,,,0.5099999999999909,,0,,NO_AD,[],"[""asr_active_dialogue"", ""unsafe_dialogue""]",,
candidate_290,847.64,True,"[""asr_active_dialogue"", ""vad_active_speech"", ""unsafe_dialogue""]",0.9076748234417865,0,,,0.5900000000000034,,0,,NO_AD,[],"[""asr_active_dialogue"", ""vad_active_speech"", ""unsafe_dialogue""]",,
candidate_291,850.0,True,"[""asr_active_dialogue"", ""vad_active_speech"", ""unsafe_dialogue""]",0.8188285670653292,0,,,0.5900000000000034,,0,,NO_AD,[],"[""asr_active_dialogue"", ""vad_active_speech"", ""unsafe_dialogue""]",,
candidate_292,853.28,True,"[""asr_active_dialogue"", ""vad_active_speech"", ""unsafe_dialogue""]",0.8473188402884944,0,,,0.4000000000000057,,0,,NO_AD,[],"[""asr_active_dialogue"", ""vad_active_speech"", ""unsafe_dialogue""]",,
candidate_293,854.88,True,"[""asr_active_dialogue"", ""vad_active_speech"", ""unsafe_dialogue""]",0.8945417992862654,0,,,0.4000000000000057,,0,,NO_AD,[],"[""asr_active_dialogue"", ""vad_active_speech"", ""unsafe_dialogue""]",,
candidate_294,857.32,True,"[""asr_active_dialogue"", ""unsafe_dialogue""]",0.9181668421532065,0,,,0.6100000000000136,,0,,NO_AD,[],"[""asr_active_dialogue"", ""unsafe_dialogue""]",,
candidate_295,860.52,True,"[""vad_active_speech"", ""unsafe_dialogue""]",0.8560288668659979,0,,,0.5800000000000125,,0,,NO_AD,[],"[""vad_active_speech"", ""unsafe_dialogue""]",,
candidate_296,862.84,True,"[""asr_active_dialogue"", ""vad_active_speech"", ""unsafe_dialogue""]",0.8797794964741942,0,,,0.20999999999997954,,0,,NO_AD,[],"[""asr_active_dialogue"", ""vad_active_speech"", ""unsafe_dialogue""]",,
candidate_297,863.68,False,[],0.9532954630701304,0.48999999999991817,0.1,0.15,0.20999999999997954,0.925,0.4535738657675142,80,NO_AD,"[""no_exact_speech_crossing"", ""quality_signals_combined""]","[""weak_transition""]",,
candidate_298,869.64,True,"[""asr_active_dialogue"", ""unsafe_dialogue""]",0.910736628193587,0,,,1,,0,,NO_AD,[],"[""asr_active_dialogue"", ""unsafe_dialogue""]",,
candidate_299,874.8,True,"[""asr_active_dialogue"", ""vad_active_speech"", ""unsafe_dialogue""]",0.8452623992626885,0,,,0.5400000000000205,,0,,NO_AD,[],"[""asr_active_dialogue"", ""vad_active_speech"", ""unsafe_dialogue""]",,
candidate_300,876.96,True,"[""vad_active_speech"", ""unsafe_dialogue""]",0.8522078484010632,0,,,0.19999999999998863,,0,,NO_AD,[],"[""vad_active_speech"", ""unsafe_dialogue""]",,
candidate_301,877.76,True,"[""asr_active_dialogue"", ""vad_active_speech"", ""unsafe_dialogue""]",0.849823542256087,0,,,0.19999999999998863,,0,,NO_AD,[],"[""asr_active_dialogue"", ""vad_active_speech"", ""unsafe_dialogue""]",,
candidate_302,879.4,False,[],0.8533016251929012,0.7899999999999523,0.1,0.15,0.4099999999999966,0.925,0.5085754062982154,71,NO_AD,"[""no_exact_speech_crossing"", ""quality_signals_combined""]","[""weak_transition""]",,
candidate_303,883.44,True,"[""asr_active_dialogue"", ""vad_active_speech"", ""unsafe_dialogue""]",0.8474812658071845,0,,,0.21999999999999886,,0,,NO_AD,[],"[""asr_active_dialogue"", ""vad_active_speech"", ""unsafe_dialogue""]",,
candidate_304,884.32,True,"[""vad_active_speech"", ""unsafe_dialogue""]",0.823357894750943,0,,,0.21999999999999886,,0,,NO_AD,[],"[""vad_active_speech"", ""unsafe_dialogue""]",,
candidate_305,886.0,True,"[""asr_active_dialogue"", ""vad_active_speech"", ""unsafe_dialogue""]",0.9253522456918725,0,,,0.4199999999999875,,0,,NO_AD,[],"[""asr_active_dialogue"", ""vad_active_speech"", ""unsafe_dialogue""]",,
candidate_306,890.28,True,"[""asr_active_dialogue"", ""unsafe_dialogue""]",0.9682521741576645,0,,,0.2300000000000182,,0,,NO_AD,[],"[""asr_active_dialogue"", ""unsafe_dialogue""]",,
candidate_307,891.2,True,"[""asr_active_dialogue"", ""unsafe_dialogue""]",0.5835228855881344,0,,,0.1699999999999875,,0,,NO_AD,[],"[""asr_active_dialogue"", ""unsafe_dialogue""]",,
candidate_308,891.88,True,"[""asr_active_dialogue"", ""unsafe_dialogue""]",0.7458797501929012,0,,,0.1699999999999875,,0,,NO_AD,[],"[""asr_active_dialogue"", ""unsafe_dialogue""]",,
candidate_309,892.8,True,"[""asr_active_dialogue"", ""unsafe_dialogue""]",1.0,0,,,0.18999999999999773,,0,,NO_AD,[],"[""asr_active_dialogue"", ""unsafe_dialogue""]",,
candidate_310,893.56,True,"[""asr_active_dialogue"", ""unsafe_dialogue""]",1.0,0,,,0.18999999999999773,,0,,NO_AD,[],"[""asr_active_dialogue"", ""unsafe_dialogue""]",,
candidate_311,894.92,True,"[""asr_active_dialogue"", ""unsafe_dialogue""]",0.9832576129008058,0,,,0.3400000000000034,,0,,NO_AD,[],"[""asr_active_dialogue"", ""unsafe_dialogue""]",,
candidate_312,896.28,True,"[""asr_active_dialogue"", ""unsafe_dialogue""]",0.869354792256087,0,,,0.20000000000001705,,0,,NO_AD,[],"[""asr_active_dialogue"", ""unsafe_dialogue""]",,
candidate_313,897.08,True,"[""asr_active_dialogue"", ""unsafe_dialogue""]",0.5398322629993999,0,,,0.20000000000001705,,0,,NO_AD,[],"[""asr_active_dialogue"", ""unsafe_dialogue""]",,
candidate_314,897.96,True,"[""asr_active_dialogue"", ""unsafe_dialogue""]",0.9459421081961591,0,,,0.21999999999999886,,0,,NO_AD,[],"[""asr_active_dialogue"", ""unsafe_dialogue""]",,
candidate_315,899.24,True,"[""asr_active_dialogue"", ""unsafe_dialogue""]",0.7219188046553499,0,,,0.3199999999999932,,0,,NO_AD,[],"[""asr_active_dialogue"", ""unsafe_dialogue""]",,
candidate_316,900.56,True,"[""asr_active_dialogue"", ""unsafe_dialogue""]",0.6405710814257545,0,,,0.28000000000000114,,0,,NO_AD,[],"[""asr_active_dialogue"", ""unsafe_dialogue""]",,
candidate_317,901.68,True,"[""asr_active_dialogue"", ""unsafe_dialogue""]",1.0,0,,,0.2400000000000091,,0,,NO_AD,[],"[""asr_active_dialogue"", ""unsafe_dialogue""]",,
candidate_318,902.64,True,"[""asr_active_dialogue"", ""vad_active_speech"", ""unsafe_dialogue""]",1.0,0,,,0.2400000000000091,,0,,NO_AD,[],"[""asr_active_dialogue"", ""vad_active_speech"", ""unsafe_dialogue""]",,
candidate_319,904.96,False,[],0.9053796001586076,1.0,1,0.15,0.3400000000000034,0.925,0.7365949000396523,15,AD,"[""no_exact_speech_crossing"", ""quality_signals_combined""]",[],brand_a,reports/phase3-episode/inspection/calibration_bhojon_bilashi/candidate_319.mp4
candidate_320,906.32,True,"[""asr_active_dialogue"", ""vad_active_speech"", ""unsafe_dialogue""]",1.0,0,,,0.3400000000000034,,0,,NO_AD,[],"[""asr_active_dialogue"", ""vad_active_speech"", ""unsafe_dialogue""]",,
candidate_321,908.28,True,"[""asr_active_dialogue"", ""vad_active_speech"", ""unsafe_dialogue""]",0.8751398199052642,0,,,0.4899999999999807,,0,,NO_AD,[],"[""asr_active_dialogue"", ""vad_active_speech"", ""unsafe_dialogue""]",,
candidate_322,910.84,True,"[""asr_active_dialogue"", ""vad_active_speech"", ""unsafe_dialogue""]",0.8811974545074587,0,,,0.5799999999999841,,0,,NO_AD,[],"[""asr_active_dialogue"", ""vad_active_speech"", ""unsafe_dialogue""]",,
candidate_323,913.16,True,"[""asr_active_dialogue"", ""vad_active_speech"", ""unsafe_dialogue""]",0.9501847632137346,0,,,0.5799999999999841,,0,,NO_AD,[],"[""asr_active_dialogue"", ""vad_active_speech"", ""unsafe_dialogue""]",,
candidate_324,917.0,True,"[""asr_active_dialogue"", ""unsafe_dialogue""]",1.0,0,,,0.6299999999999955,,0,,NO_AD,[],"[""asr_active_dialogue"", ""unsafe_dialogue""]",,
candidate_325,919.52,True,"[""asr_active_dialogue"", ""unsafe_dialogue""]",1.0,0,,,0.3499999999999943,,0,,NO_AD,[],"[""asr_active_dialogue"", ""unsafe_dialogue""]",,
candidate_326,920.92,True,"[""asr_active_dialogue"", ""unsafe_dialogue""]",1.0,0,,,0.18000000000000682,,0,,NO_AD,[],"[""asr_active_dialogue"", ""unsafe_dialogue""]",,
candidate_327,921.64,True,"[""asr_active_dialogue"", ""unsafe_dialogue""]",0.5747701595186042,0,,,0.18000000000000682,,0,,NO_AD,[],"[""asr_active_dialogue"", ""unsafe_dialogue""]",,
candidate_328,924.16,True,"[""asr_active_dialogue"", ""vad_active_speech"", ""unsafe_dialogue""]",0.8972929861646949,0,,,0.5100000000000193,,0,,NO_AD,[],"[""asr_active_dialogue"", ""vad_active_speech"", ""unsafe_dialogue""]",,
candidate_329,926.2,True,"[""asr_active_dialogue"", ""vad_active_speech"", ""unsafe_dialogue""]",0.8198193627293381,0,,,0.5100000000000193,,0,,NO_AD,[],"[""asr_active_dialogue"", ""vad_active_speech"", ""unsafe_dialogue""]",,
candidate_330,929.48,True,"[""asr_active_dialogue"", ""vad_active_speech"", ""unsafe_dialogue""]",0.8286087601273148,0,,,0.37999999999999545,,0,,NO_AD,[],"[""asr_active_dialogue"", ""vad_active_speech"", ""unsafe_dialogue""]",,
candidate_331,931.0,True,"[""asr_active_dialogue"", ""vad_active_speech"", ""unsafe_dialogue""]",0.8964821981631516,0,,,0.37999999999999545,,0,,NO_AD,[],"[""asr_active_dialogue"", ""vad_active_speech"", ""unsafe_dialogue""]",,
candidate_332,933.28,True,"[""asr_active_dialogue"", ""vad_active_speech"", ""unsafe_dialogue""]",0.8938823851701818,0,,,0.29000000000002046,,0,,NO_AD,[],"[""asr_active_dialogue"", ""vad_active_speech"", ""unsafe_dialogue""]",,
candidate_333,934.44,True,"[""vad_active_speech"", ""unsafe_dialogue""]",0.8342720523619684,0,,,0.29000000000002046,,0,,NO_AD,[],"[""vad_active_speech"", ""unsafe_dialogue""]",,
candidate_334,936.4,True,"[""asr_active_dialogue"", ""vad_active_speech"", ""unsafe_dialogue""]",0.828366628890175,0,,,0.2600000000000193,,0,,NO_AD,[],"[""asr_active_dialogue"", ""vad_active_speech"", ""unsafe_dialogue""]",,
candidate_335,937.44,True,"[""asr_active_dialogue"", ""vad_active_speech"", ""unsafe_dialogue""]",0.8404438871742114,0,,,0.2600000000000193,,0,,NO_AD,[],"[""asr_active_dialogue"", ""vad_active_speech"", ""unsafe_dialogue""]",,
candidate_336,940.08,True,"[""asr_active_dialogue"", ""vad_active_speech"", ""unsafe_dialogue""]",0.9379151060420954,0,,,0.4299999999999784,,0,,NO_AD,[],"[""asr_active_dialogue"", ""vad_active_speech"", ""unsafe_dialogue""]",,
candidate_337,941.8,True,"[""asr_active_dialogue"", ""vad_active_speech"", ""unsafe_dialogue""]",0.9195970239626201,0,,,0.4299999999999784,,0,,NO_AD,[],"[""asr_active_dialogue"", ""vad_active_speech"", ""unsafe_dialogue""]",,
candidate_338,945.12,True,"[""vad_active_speech"", ""unsafe_dialogue""]",0.8567718380272633,0,,,0.6099999999999852,,0,,NO_AD,[],"[""vad_active_speech"", ""unsafe_dialogue""]",,
candidate_339,947.56,True,"[""vad_active_speech"", ""unsafe_dialogue""]",0.8490758825231481,0,,,0.6099999999999852,,0,,NO_AD,[],"[""vad_active_speech"", ""unsafe_dialogue""]",,
candidate_340,950.32,True,"[""asr_active_dialogue"", ""vad_active_speech"", ""unsafe_dialogue""]",0.8570821210026577,0,,,0.6799999999999784,,0,,NO_AD,[],"[""asr_active_dialogue"", ""vad_active_speech"", ""unsafe_dialogue""]",,
candidate_341,953.04,True,"[""asr_active_dialogue"", ""vad_active_speech"", ""unsafe_dialogue""]",0.8464938191229423,0,,,0.4099999999999966,,0,,NO_AD,[],"[""asr_active_dialogue"", ""vad_active_speech"", ""unsafe_dialogue""]",,
candidate_342,954.68,True,"[""asr_active_dialogue"", ""vad_active_speech"", ""unsafe_dialogue""]",0.9254910609032065,0,,,0.4099999999999966,,0,,NO_AD,[],"[""asr_active_dialogue"", ""vad_active_speech"", ""unsafe_dialogue""]",,
candidate_343,957.28,True,"[""asr_active_dialogue"", ""vad_active_speech"", ""unsafe_dialogue""]",0.9149429467806928,0,,,0.6200000000000045,,0,,NO_AD,[],"[""asr_active_dialogue"", ""vad_active_speech"", ""unsafe_dialogue""]",,
candidate_344,959.76,True,"[""asr_active_dialogue"", ""vad_active_speech"", ""unsafe_dialogue""]",0.8673008629651063,0,,,0.46999999999999886,,0,,NO_AD,[],"[""asr_active_dialogue"", ""vad_active_speech"", ""unsafe_dialogue""]",,
candidate_345,961.64,True,"[""asr_active_dialogue"", ""vad_active_speech"", ""unsafe_dialogue""]",0.8601568193265604,0,,,0.46999999999999886,,0,,NO_AD,[],"[""asr_active_dialogue"", ""vad_active_speech"", ""unsafe_dialogue""]",,
candidate_346,964.76,True,"[""vad_active_speech"", ""unsafe_dialogue""]",0.836149657868227,0,,,0.37000000000000455,,0,,NO_AD,[],"[""vad_active_speech"", ""unsafe_dialogue""]",,
candidate_347,966.24,True,"[""asr_active_dialogue"", ""vad_active_speech"", ""unsafe_dialogue""]",0.8708117659036352,0,,,0.37000000000000455,,0,,NO_AD,[],"[""asr_active_dialogue"", ""vad_active_speech"", ""unsafe_dialogue""]",,
candidate_348,968.16,True,"[""asr_active_dialogue"", ""vad_active_speech"", ""unsafe_dialogue""]",0.93021814584405,0,,,0.45000000000001705,,0,,NO_AD,[],"[""asr_active_dialogue"", ""vad_active_speech"", ""unsafe_dialogue""]",,
candidate_349,969.96,True,"[""asr_active_dialogue"", ""vad_active_speech"", ""unsafe_dialogue""]",0.9093998829196673,0,,,0.45000000000001705,,0,,NO_AD,[],"[""asr_active_dialogue"", ""vad_active_speech"", ""unsafe_dialogue""]",,
candidate_350,972.16,True,"[""asr_active_dialogue"", ""vad_active_speech"", ""unsafe_dialogue""]",0.8465912744341563,0,,,0.549999999999983,,0,,NO_AD,[],"[""asr_active_dialogue"", ""vad_active_speech"", ""unsafe_dialogue""]",,
candidate_351,975.72,True,"[""asr_active_dialogue"", ""vad_active_speech"", ""unsafe_dialogue""]",0.8502031491126544,0,,,0.7099999999999795,,0,,NO_AD,[],"[""asr_active_dialogue"", ""vad_active_speech"", ""unsafe_dialogue""]",,
candidate_352,978.56,True,"[""asr_active_dialogue"", ""vad_active_speech"", ""unsafe_dialogue""]",0.8417111411179699,0,,,0.7099999999999795,,0,,NO_AD,[],"[""asr_active_dialogue"", ""vad_active_speech"", ""unsafe_dialogue""]",,
candidate_353,981.64,True,"[""asr_active_dialogue"", ""vad_active_speech"", ""unsafe_dialogue""]",0.8505514430084018,0,,,0.18000000000000682,,0,,NO_AD,[],"[""asr_active_dialogue"", ""vad_active_speech"", ""unsafe_dialogue""]",,
candidate_354,982.36,True,"[""asr_active_dialogue"", ""vad_active_speech"", ""unsafe_dialogue""]",0.870146658521948,0,,,0.18000000000000682,,0,,NO_AD,[],"[""asr_active_dialogue"", ""vad_active_speech"", ""unsafe_dialogue""]",,
candidate_355,985.64,True,"[""asr_active_dialogue"", ""vad_active_speech"", ""unsafe_dialogue""]",0.8771977679719649,0,,,0.45000000000001705,,0,,NO_AD,[],"[""asr_active_dialogue"", ""vad_active_speech"", ""unsafe_dialogue""]",,
candidate_356,987.44,True,"[""asr_active_dialogue"", ""vad_active_speech"", ""unsafe_dialogue""]",0.8661148217806928,0,,,0.3299999999999841,,0,,NO_AD,[],"[""asr_active_dialogue"", ""vad_active_speech"", ""unsafe_dialogue""]",,
candidate_357,988.76,True,"[""asr_active_dialogue"", ""vad_active_speech"", ""unsafe_dialogue""]",0.9540573559670782,0,,,0.3299999999999841,,0,,NO_AD,[],"[""asr_active_dialogue"", ""vad_active_speech"", ""unsafe_dialogue""]",,
candidate_358,994.72,True,"[""vad_active_speech"", ""unsafe_dialogue""]",0.9161422164351852,0,,,0.3199999999999932,,0,,NO_AD,[],"[""vad_active_speech"", ""unsafe_dialogue""]",,
candidate_359,996.0,True,"[""asr_active_dialogue"", ""vad_active_speech"", ""unsafe_dialogue""]",0.8296037420160323,0,,,0.21000000000000796,,0,,NO_AD,[],"[""asr_active_dialogue"", ""vad_active_speech"", ""unsafe_dialogue""]",,
candidate_360,996.84,True,"[""asr_active_dialogue"", ""vad_active_speech"", ""unsafe_dialogue""]",0.8201847364218965,0,,,0.21000000000000796,,0,,NO_AD,[],"[""asr_active_dialogue"", ""vad_active_speech"", ""unsafe_dialogue""]",,
candidate_361,999.08,True,"[""asr_active_dialogue"", ""vad_active_speech"", ""unsafe_dialogue""]",0.8175924586334019,0,,,0.549999999999983,,0,,NO_AD,[],"[""asr_active_dialogue"", ""vad_active_speech"", ""unsafe_dialogue""]",,
candidate_362,1001.28,True,"[""asr_active_dialogue"", ""vad_active_speech"", ""unsafe_dialogue""]",0.8585307222007886,0,,,0.549999999999983,,0,,NO_AD,[],"[""asr_active_dialogue"", ""vad_active_speech"", ""unsafe_dialogue""]",,
candidate_363,1004.84,True,"[""asr_active_dialogue"", ""vad_active_speech"", ""unsafe_dialogue""]",0.9183076667524005,0,,,0.37999999999999545,,0,,NO_AD,[],"[""asr_active_dialogue"", ""vad_active_speech"", ""unsafe_dialogue""]",,
candidate_364,1006.36,True,"[""asr_active_dialogue"", ""vad_active_speech"", ""unsafe_dialogue""]",0.9435514389896262,0,,,0.37999999999999545,,0,,NO_AD,[],"[""asr_active_dialogue"", ""vad_active_speech"", ""unsafe_dialogue""]",,
candidate_365,1008.16,True,"[""asr_active_dialogue"", ""vad_active_speech"", ""unsafe_dialogue""]",0.9376217354145233,0,,,0.3200000000000216,,0,,NO_AD,[],"[""asr_active_dialogue"", ""vad_active_speech"", ""unsafe_dialogue""]",,
candidate_366,1009.44,True,"[""asr_active_dialogue"", ""vad_active_speech"", ""unsafe_dialogue""]",0.9341411407428841,0,,,0.3200000000000216,,0,,NO_AD,[],"[""asr_active_dialogue"", ""vad_active_speech"", ""unsafe_dialogue""]",,
candidate_367,1013.4,True,"[""vad_active_speech"", ""unsafe_dialogue""]",0.8269317585090877,0,,,0.2300000000000182,,0,,NO_AD,[],"[""vad_active_speech"", ""unsafe_dialogue""]",,
candidate_368,1014.32,True,"[""asr_active_dialogue"", ""vad_active_speech"", ""unsafe_dialogue""]",0.8367603443287037,0,,,0.2300000000000182,,0,,NO_AD,[],"[""asr_active_dialogue"", ""vad_active_speech"", ""unsafe_dialogue""]",,
candidate_369,1017.6,True,"[""asr_active_dialogue"", ""vad_active_speech"", ""unsafe_dialogue""]",0.8412041055812757,0,,,0.8199999999999932,,0,,NO_AD,[],"[""asr_active_dialogue"", ""vad_active_speech"", ""unsafe_dialogue""]",,
candidate_370,1021.84,True,"[""asr_active_dialogue"", ""vad_active_speech"", ""unsafe_dialogue""]",0.8282705131708675,0,,,0.710000000000008,,0,,NO_AD,[],"[""asr_active_dialogue"", ""vad_active_speech"", ""unsafe_dialogue""]",,
candidate_371,1024.68,True,"[""vad_active_speech"", ""unsafe_dialogue""]",0.937103313346622,0,,,0.5,,0,,NO_AD,[],"[""vad_active_speech"", ""unsafe_dialogue""]",,
candidate_372,1026.68,True,"[""asr_active_dialogue"", ""vad_active_speech"", ""unsafe_dialogue""]",0.9431125551911866,0,,,0.20999999999997954,,0,,NO_AD,[],"[""asr_active_dialogue"", ""vad_active_speech"", ""unsafe_dialogue""]",,
candidate_373,1027.52,True,"[""asr_active_dialogue"", ""vad_active_speech"", ""unsafe_dialogue""]",0.8922819077396262,0,,,0.20999999999997954,,0,,NO_AD,[],"[""asr_active_dialogue"", ""vad_active_speech"", ""unsafe_dialogue""]",,
candidate_374,1028.52,True,"[""asr_active_dialogue"", ""vad_active_speech"", ""unsafe_dialogue""]",1.0,0,,,0.25,,0,,NO_AD,[],"[""asr_active_dialogue"", ""vad_active_speech"", ""unsafe_dialogue""]",,
candidate_375,1031.56,True,"[""asr_active_dialogue"", ""unsafe_dialogue""]",0.9399310244127228,0,,,0.36000000000001364,,0,,NO_AD,[],"[""asr_active_dialogue"", ""unsafe_dialogue""]",,
candidate_376,1033.0,True,"[""vad_active_speech"", ""unsafe_dialogue""]",1.0,0,,,0.13999999999998636,,0,,NO_AD,[],"[""vad_active_speech"", ""unsafe_dialogue""]",,
candidate_377,1033.56,True,"[""vad_active_speech"", ""unsafe_dialogue""]",0.5467813960155178,0,,,0.13999999999998636,,0,,NO_AD,[],"[""vad_active_speech"", ""unsafe_dialogue""]",,
candidate_378,1035.0,True,"[""all_brands_hard_blocked""]",0.5376688220700446,1.0,1,0.15,0.2699999999999818,0.925,0.6376672055175093,34,NO_AD,"[""no_exact_speech_crossing"", ""quality_signals_combined""]","[""no_safe_brand""]",,
candidate_379,1036.08,True,"[""all_brands_hard_blocked""]",0.5103433240097736,1.0,1,0.15,0.2699999999999818,0.925,0.6308358310024417,36,NO_AD,"[""no_exact_speech_crossing"", ""quality_signals_combined""]","[""no_safe_brand""]",,
candidate_380,1039.32,True,"[""all_brands_hard_blocked""]",0.5756368754822531,1.0,0.4,0.65,0.410000000000025,0.8500000000000001,0.6374092188705657,35,NO_AD,"[""no_exact_speech_crossing"", ""quality_signals_combined""]","[""no_safe_brand""]",,
candidate_381,1040.96,True,"[""all_brands_hard_blocked""]",0.5213698398919754,1.0,0.8500000000000001,0.15,0.410000000000025,0.875,0.6150924599729963,41,NO_AD,"[""no_exact_speech_crossing"", ""quality_signals_combined""]","[""no_safe_brand""]",,
candidate_382,1043.44,True,"[""all_brands_hard_blocked""]",1.0,1.0,0.4,0.15,0.6200000000000045,0.8500000000000001,0.6645000000000005,26,NO_AD,"[""no_exact_speech_crossing"", ""quality_signals_combined""]","[""no_safe_brand""]",,
candidate_383,1048.2,True,"[""asr_active_dialogue"", ""vad_active_speech"", ""unsafe_dialogue""]",1.0,0,,,0.9699999999999704,,0,,NO_AD,[],"[""asr_active_dialogue"", ""vad_active_speech"", ""unsafe_dialogue""]",,
candidate_384,1052.08,True,"[""vad_active_speech"", ""unsafe_dialogue""]",1.0,0,,,0.9699999999999704,,0,,NO_AD,[],"[""vad_active_speech"", ""unsafe_dialogue""]",,
candidate_385,1057.32,True,"[""vad_active_speech"", ""unsafe_dialogue""]",1.0,0,,,1,,0,,NO_AD,[],"[""vad_active_speech"", ""unsafe_dialogue""]",,
candidate_386,1063.76,False,[],0.8613391766332306,0.550000000000091,0.1,0.15,1.0,0.925,0.5215847941583258,69,NO_AD,"[""no_exact_speech_crossing"", ""quality_signals_combined""]","[""weak_transition""]",,
candidate_387,1067.76,False,[],0.9240180121527778,0.17499999999984084,0.1,0.15,0.5099999999999909,0.925,0.41325450303816175,84,NO_AD,"[""no_exact_speech_crossing"", ""quality_signals_combined""]","[""weak_transition""]",,
candidate_388,1069.8,True,"[""all_brands_hard_blocked""]",1.0,1.0,0.2,0.15,0.5099999999999909,0.925,0.6172499999999991,40,NO_AD,"[""no_exact_speech_crossing"", ""quality_signals_combined""]","[""no_safe_brand""]",,
candidate_389,1074.12,True,"[""vad_active_speech"", ""unsafe_dialogue""]",0.9101811998992628,0,,,0.35000000000002274,,0,,NO_AD,[],"[""vad_active_speech"", ""unsafe_dialogue""]",,
candidate_390,1075.52,True,"[""asr_active_dialogue"", ""unsafe_dialogue""]",0.9730666674704217,0,,,0.35000000000002274,,0,,NO_AD,[],"[""asr_active_dialogue"", ""unsafe_dialogue""]",,
candidate_391,1078.76,False,[],0.929422763149434,0.550000000000091,0.1,0.15,0.660000000000025,0.925,0.5046056907873793,73,NO_AD,"[""no_exact_speech_crossing"", ""quality_signals_combined""]","[""weak_transition""]",,
candidate_392,1081.4,True,"[""vad_active_speech"", ""unsafe_dialogue""]",0.9373235087662893,0,,,0.660000000000025,,0,,NO_AD,[],"[""vad_active_speech"", ""unsafe_dialogue""]",,
candidate_393,1084.4,True,"[""all_brands_hard_blocked""]",0.9186375412594308,1.0,0.1,0.15,0.39999999999997726,0.925,0.5659093853148555,52,NO_AD,"[""no_exact_speech_crossing"", ""quality_signals_combined""]","[""no_safe_brand""]",,
candidate_394,1086.0,True,"[""all_brands_hard_blocked""]",1.0,1.0,0.1,0.15,0.39999999999997726,0.925,0.5862499999999977,45,NO_AD,"[""no_exact_speech_crossing"", ""quality_signals_combined""]","[""no_safe_brand""]",,
candidate_395,1091.52,False,[],0.9237991563250171,0.17499999999984084,0.1,0.15,0.5199999999999818,0.925,0.4141997890812207,83,NO_AD,"[""no_exact_speech_crossing"", ""quality_signals_combined""]","[""weak_transition""]",,
candidate_396,1093.6,False,[],0.9717076514810528,0.7899999999998727,0.1,0.15,0.5199999999999818,0.925,0.549176912870236,62,NO_AD,"[""no_exact_speech_crossing"", ""quality_signals_combined""]","[""weak_transition""]",,
candidate_397,1096.52,True,"[""asr_active_dialogue"", ""unsafe_dialogue""]",0.9378883142039608,0,,,0.7300000000000182,,0,,NO_AD,[],"[""asr_active_dialogue"", ""unsafe_dialogue""]",,
candidate_398,1100.44,True,"[""asr_active_dialogue"", ""vad_active_speech"", ""unsafe_dialogue""]",0.9656694409615055,0,,,0.5299999999999727,,0,,NO_AD,[],"[""asr_active_dialogue"", ""vad_active_speech"", ""unsafe_dialogue""]",,
candidate_399,1102.56,True,"[""asr_active_dialogue"", ""unsafe_dialogue""]",0.9397890276706105,0,,,0.5299999999999727,,0,,NO_AD,[],"[""asr_active_dialogue"", ""unsafe_dialogue""]",,
candidate_400,1105.24,True,"[""asr_active_dialogue"", ""vad_active_speech"", ""unsafe_dialogue""]",0.9616782943244169,0,,,0.35000000000002274,,0,,NO_AD,[],"[""asr_active_dialogue"", ""vad_active_speech"", ""unsafe_dialogue""]",,
candidate_401,1106.64,True,"[""vad_active_speech"", ""unsafe_dialogue""]",0.9653328684949416,0,,,0.35000000000002274,,0,,NO_AD,[],"[""vad_active_speech"", ""unsafe_dialogue""]",,
candidate_402,1109.08,True,"[""asr_active_dialogue"", ""vad_active_speech"", ""unsafe_dialogue""]",0.9460620016718108,0,,,0.4399999999999977,,0,,NO_AD,[],"[""asr_active_dialogue"", ""vad_active_speech"", ""unsafe_dialogue""]",,
candidate_403,1110.84,True,"[""brand_safety_unresolved""]",0.9252003694594478,1.0,0.1,0.15,0.4399999999999977,0.925,0.5715500923648619,50,NO_AD,"[""no_exact_speech_crossing"", ""quality_signals_combined""]","[""no_safe_brand""]",,
candidate_404,1118.44,True,"[""vad_active_speech"", ""unsafe_dialogue""]",0.9386898925111453,0,,,0.22999999999996135,,0,,NO_AD,[],"[""vad_active_speech"", ""unsafe_dialogue""]",,
candidate_405,1119.36,False,[],0.9379703642082476,1.0,0.1,0.15,0.22999999999996135,0.925,0.5537425910520581,59,AD,"[""no_exact_speech_crossing"", ""quality_signals_combined""]",[],brand_a,reports/phase3-episode/inspection/calibration_bhojon_bilashi/candidate_405.mp4
candidate_406,1121.36,True,"[""vad_active_speech"", ""unsafe_dialogue""]",0.9271978684413581,0,,,0.4900000000000091,,0,,NO_AD,[],"[""vad_active_speech"", ""unsafe_dialogue""]",,
candidate_407,1123.32,True,"[""asr_active_dialogue"", ""unsafe_dialogue""]",0.9456107266482339,0,,,0.4900000000000091,,0,,NO_AD,[],"[""asr_active_dialogue"", ""unsafe_dialogue""]",,
candidate_408,1126.52,True,"[""vad_active_speech"", ""unsafe_dialogue""]",0.9754866402499144,0,,,0.8000000000000114,,0,,NO_AD,[],"[""vad_active_speech"", ""unsafe_dialogue""]",,
candidate_409,1131.52,True,"[""asr_active_dialogue"", ""unsafe_dialogue""]",0.9125274951238853,0,,,0.7300000000000182,,0,,NO_AD,[],"[""asr_active_dialogue"", ""unsafe_dialogue""]",,
candidate_410,1134.44,True,"[""asr_active_dialogue"", ""vad_active_speech"", ""unsafe_dialogue""]",0.9830816240140604,0,,,0.7300000000000182,,0,,NO_AD,[],"[""asr_active_dialogue"", ""vad_active_speech"", ""unsafe_dialogue""]",,
candidate_411,1137.68,True,"[""asr_active_dialogue"", ""vad_active_speech"", ""unsafe_dialogue""]",0.9511434086719822,0,,,0.8100000000000023,,0,,NO_AD,[],"[""asr_active_dialogue"", ""vad_active_speech"", ""unsafe_dialogue""]",,
candidate_412,1142.76,True,"[""asr_active_dialogue"", ""vad_active_speech"", ""unsafe_dialogue""]",0.9606449666173696,0,,,0.4300000000000068,,0,,NO_AD,[],"[""asr_active_dialogue"", ""vad_active_speech"", ""unsafe_dialogue""]",,
candidate_413,1144.48,True,"[""asr_active_dialogue"", ""vad_active_speech"", ""unsafe_dialogue""]",0.9266191647376544,0,,,0.4300000000000068,,0,,NO_AD,[],"[""asr_active_dialogue"", ""vad_active_speech"", ""unsafe_dialogue""]",,
candidate_414,1147.16,True,"[""vad_active_speech"", ""unsafe_dialogue""]",0.9529376245820472,0,,,0.339999999999975,,0,,NO_AD,[],"[""vad_active_speech"", ""unsafe_dialogue""]",,
candidate_415,1148.52,False,[],0.9641903640474966,1.0,0.1,0.15,0.339999999999975,0.95,0.5725475910118717,49,NO_AD,"[""no_exact_speech_crossing"", ""quality_signals_combined""]","[""minimum_break_gap""]",,
candidate_416,1151.84,True,"[""vad_active_speech"", ""unsafe_dialogue""]",0.9599587606631516,0,,,0.5800000000000409,,0,,NO_AD,[],"[""vad_active_speech"", ""unsafe_dialogue""]",,
candidate_417,1154.16,True,"[""asr_active_dialogue"", ""vad_active_speech"", ""unsafe_dialogue""]",0.923940818169153,0,,,0.5800000000000409,,0,,NO_AD,[],"[""asr_active_dialogue"", ""vad_active_speech"", ""unsafe_dialogue""]",,
candidate_418,1157.96,True,"[""vad_active_speech"", ""unsafe_dialogue""]",0.9409661940586419,0,,,0.44999999999998863,,0,,NO_AD,[],"[""vad_active_speech"", ""unsafe_dialogue""]",,
candidate_419,1159.76,True,"[""asr_active_dialogue"", ""vad_active_speech"", ""unsafe_dialogue""]",0.9488897127379116,0,,,0.44999999999998863,,0,,NO_AD,[],"[""asr_active_dialogue"", ""vad_active_speech"", ""unsafe_dialogue""]",,
candidate_420,1161.6,True,"[""asr_active_dialogue"", ""vad_active_speech"", ""unsafe_dialogue""]",1.0,0,,,0.37000000000000455,,0,,NO_AD,[],"[""asr_active_dialogue"", ""vad_active_speech"", ""unsafe_dialogue""]",,
candidate_421,1163.08,True,"[""asr_active_dialogue"", ""vad_active_speech"", ""unsafe_dialogue""]",1.0,0,,,0.37000000000000455,,0,,NO_AD,[],"[""asr_active_dialogue"", ""vad_active_speech"", ""unsafe_dialogue""]",,
candidate_422,1165.44,False,[],1.0,0.7199999999999364,0.1,0.15,0.5900000000000318,0.925,0.5492499999999905,61,NO_AD,"[""no_exact_speech_crossing"", ""quality_signals_combined""]","[""weak_transition""]",,
candidate_423,1167.88,False,[],1.0,1.0,0.1,0.15,0.37999999999999545,0.925,0.5842499999999996,47,AD,"[""no_exact_speech_crossing"", ""quality_signals_combined""]",[],brand_a,reports/phase3-episode/inspection/calibration_bhojon_bilashi/candidate_423.mp4
candidate_424,1169.4,True,"[""vad_active_speech"", ""unsafe_dialogue""]",0.9667503241812414,0,,,0.37999999999999545,,0,,NO_AD,[],"[""vad_active_speech"", ""unsafe_dialogue""]",,
candidate_425,1172.48,False,[],0.9631064667459706,0.550000000000091,0.05,0.15,0.3100000000000023,0.95,0.4692766166865111,77,NO_AD,"[""no_exact_speech_crossing"", ""quality_signals_combined""]","[""weak_transition""]",,
candidate_426,1173.72,False,[],0.9092950598529664,1.0,0.1,0.15,0.3100000000000023,0.925,0.554573764963242,57,NO_AD,"[""no_exact_speech_crossing"", ""quality_signals_combined""]","[""minimum_break_gap""]",,
candidate_427,1175.96,False,[],0.8633500715342078,1.0,0.1,0.15,0.2699999999999818,0.925,0.5390875178835501,65,NO_AD,"[""no_exact_speech_crossing"", ""quality_signals_combined""]","[""weak_transition""]",,
candidate_428,1177.04,False,[],0.8922577950853053,1.0,0.1,0.15,0.2699999999999818,0.925,0.5463144487713245,63,NO_AD,"[""no_exact_speech_crossing"", ""quality_signals_combined""]","[""weak_transition""]",,
candidate_429,1192.32,True,"[""vad_active_speech"", ""unsafe_dialogue""]",1.0,0,,,1,,0,,NO_AD,[],"[""vad_active_speech"", ""unsafe_dialogue""]",,
