candidate_id,timestamp_sec,hard_blocked,hard_block_reason,visual_score,dialogue_gap_score,semantic_transition_score,narrative_closure_score,shot_stability_score,confidence_score,where_score,rank,final_decision,why_survived,why_lost,selected_brand_id,inspection_clip
candidate_001,6.88,True,"[""asr_active_dialogue"", ""vad_active_speech"", ""unsafe_dialogue""]",0.7384105206189986,0,,,1,,0,,NO_AD,[],"[""asr_active_dialogue"", ""vad_active_speech"", ""unsafe_dialogue""]",,/app/reports/inspection/9b9ea57b-a80c-4579-a2d9-6c3e8b66e3b4/candidate_001.mp4
candidate_002,11.04,True,"[""asr_active_dialogue"", ""vad_active_speech"", ""unsafe_dialogue""]",0.7388244545181756,0,,,1,,0,,NO_AD,[],"[""asr_active_dialogue"", ""vad_active_speech"", ""unsafe_dialogue""]",,
candidate_003,15.36,True,"[""asr_active_dialogue"", ""vad_active_speech"", ""unsafe_dialogue""]",0.7078145763674554,0,,,1,,0,,NO_AD,[],"[""asr_active_dialogue"", ""vad_active_speech"", ""unsafe_dialogue""]",,
candidate_004,23.0,True,"[""vad_active_speech"", ""unsafe_dialogue""]",0.730761618280607,0,,,0.8099999999999996,,0,,NO_AD,[],"[""vad_active_speech"", ""unsafe_dialogue""]",,
candidate_005,26.24,True,"[""asr_active_dialogue"", ""unsafe_dialogue""]",0.7259714050711591,0,,,0.8099999999999996,,0,,NO_AD,[],"[""asr_active_dialogue"", ""unsafe_dialogue""]",,
candidate_006,33.0,True,"[""asr_active_dialogue"", ""vad_active_speech"", ""unsafe_dialogue""]",0.7347671655306928,0,,,1,,0,,NO_AD,[],"[""asr_active_dialogue"", ""vad_active_speech"", ""unsafe_dialogue""]",,
candidate_007,39.4,False,[],0.8191423664694788,1.0,0.2,0.15,0.7000000000000011,0.925,0.5910355916173698,2,AD,"[""no_exact_speech_crossing"", ""quality_signals_combined""]",[],brand_d,/app/reports/inspection/9b9ea57b-a80c-4579-a2d9-6c3e8b66e3b4/candidate_007.mp4
candidate_008,42.2,True,"[""asr_active_dialogue"", ""vad_active_speech"", ""unsafe_dialogue""]",0.8431532118055556,0,,,0.6899999999999995,,0,,NO_AD,[],"[""asr_active_dialogue"", ""vad_active_speech"", ""unsafe_dialogue""]",,
candidate_009,44.96,True,"[""asr_active_dialogue"", ""vad_active_speech"", ""unsafe_dialogue""]",0.8225355527692044,0,,,0.6899999999999995,,0,,NO_AD,[],"[""asr_active_dialogue"", ""vad_active_speech"", ""unsafe_dialogue""]",,
candidate_010,49.76,True,"[""vad_active_speech"", ""unsafe_dialogue""]",0.6773623033479081,0,,,1,,0,,NO_AD,[],"[""vad_active_speech"", ""unsafe_dialogue""]",,
candidate_011,58.84,True,"[""brand_safety_unresolved""]",1.0,1.0,0.9,0.15,1,0.95,0.8075,1,NO_AD,"[""no_exact_speech_crossing"", ""quality_signals_combined""]","[""no_safe_brand""]",,/app/reports/inspection/9b9ea57b-a80c-4579-a2d9-6c3e8b66e3b4/candidate_011.mp4
candidate_012,78.0,True,"[""asr_active_dialogue"", ""unsafe_dialogue""]",1.0,0,,,1.0,,0,,NO_AD,[],"[""asr_active_dialogue"", ""unsafe_dialogue""]",,
candidate_013,82.0,True,"[""asr_active_dialogue"", ""vad_active_speech"", ""unsafe_dialogue""]",1.0,0,,,1.0,,0,,NO_AD,[],"[""asr_active_dialogue"", ""vad_active_speech"", ""unsafe_dialogue""]",,
candidate_014,86.44,True,"[""asr_active_dialogue"", ""vad_active_speech"", ""unsafe_dialogue""]",0.603045093342764,0,,,0.9100000000000001,,0,,NO_AD,[],"[""asr_active_dialogue"", ""vad_active_speech"", ""unsafe_dialogue""]",,
candidate_015,90.08,True,"[""asr_active_dialogue"", ""vad_active_speech"", ""unsafe_dialogue""]",0.5630020120670439,0,,,0.8900000000000006,,0,,NO_AD,[],"[""asr_active_dialogue"", ""vad_active_speech"", ""unsafe_dialogue""]",,
candidate_016,93.64,True,"[""asr_active_dialogue"", ""vad_active_speech"", ""unsafe_dialogue""]",0.5972155242626885,0,,,0.7199999999999989,,0,,NO_AD,[],"[""asr_active_dialogue"", ""vad_active_speech"", ""unsafe_dialogue""]",,
candidate_017,96.52,True,"[""asr_active_dialogue"", ""vad_active_speech"", ""unsafe_dialogue""]",0.5747251157407407,0,,,0.7199999999999989,,0,,NO_AD,[],"[""asr_active_dialogue"", ""vad_active_speech"", ""unsafe_dialogue""]",,
candidate_018,99.8,True,"[""asr_active_dialogue"", ""vad_active_speech"", ""unsafe_dialogue""]",0.5345291535386659,0,,,0.8200000000000003,,0,,NO_AD,[],"[""asr_active_dialogue"", ""vad_active_speech"", ""unsafe_dialogue""]",,
candidate_019,117.04,True,"[""asr_active_dialogue"", ""vad_active_speech"", ""unsafe_dialogue""]",0.5998662417481138,0,,,0.7399999999999984,,0,,NO_AD,[],"[""asr_active_dialogue"", ""vad_active_speech"", ""unsafe_dialogue""]",,
